folder,game,region,status,redump_title,archive_dir,save_chosen
t36803n,102 Dalmatians: Puppies to the Rescue,US,ready,Disney's 102 Dalmatians - Puppies to the Rescue (USA),puppies,v90561.vmi
51064,18 Wheeler: Pro American Trucker,US,ready,18 Wheeler - American Pro Trucker (USA),18wheeler,v45386.vmi
t46504m,21 -Two One-,JP,ready,21 - Two One (Japan),twoone,21twoone.VMI
t9708n,4 Wheel Thunder,US,ready,4 Wheel Thunder (USA),4wheelthunder,4WHEEL.VMI
t41903n,4x4 Evolution,US,ready,4x4 Evo (USA),4x4evolution,v6405.vmi
hdr0158,Advanced Daisenryaku,JP,ready,Advanced Daisenryaku 2001 (Japan),dazhanlu,dazhanlu.VMI
t6807m,Aero Dancing,JP,needs review,Aero Dancing i (Japan),aeroi,aeroisys.VMI
t6809m,Aero Dancing Fan Disc,JP,needs review,Aero Dancing i - Jikai Saku made Matemasen (Japan),aeroif,aerocnem.VMI
t40201n,Aero Wings,US,ready,AeroWings (USA),aerowings,v61068.vmi
t40210n,Aero Wings 2: Air Strike,US,ready,AeroWings 2 - Airstrike (USA),aerowings2,v36311.vmi
t9501n,Air Force Delta,US,ready,AirForce Delta (USA),airforcedelta,v39495.vmi
t15117n,Alone in the Dark: The New Nightmare,US,ready,Alone in the Dark - The New Nightmare (USA) (Disc 1) | Alone in the Dark - The New Nightmare (USA) (Disc 2),alonedark,v9840.vmi
t20107m,Angel Present,JP,ready,Angel Present (Japan),angelpre,angelpre.VMI
t40301n,Armada,US,ready,Armada (USA),armada,v44206.vmi
t9715n,Army Men: Sarge's Heroes,US,ready,Army Men - Sarge's Heroes (USA),armymen,v93695.vmi
t15130n,Atari Anniversary Edition (VMU icon only),US,needs review,Atari Anniversary Edition (USA),atari,ATARI.VMI
t44102n,Bang! Gunship Elite,US,ready,"Bang! Gunship Elite (USA) (En,Fr,De)",bang,v73147.vmi
t40217n,Bangai-O,US,ready,Bangai-O (USA),bangaio,v95185.vmi
t20101m,Black Matrix Advanced,JP,ready,Black-Matrix Advanced (Japan) (Disc 1) | Black-Matrix Advanced (Japan) (Disc 2),blackmatrix,blackad1.VMI
t13001n,Blue Stinger,US,ready,Blue Stinger (USA),bsting,v12669.vmi
t41802m,Boku Doraemon,JP,ready,Boku Doraemon (Japan),doraemon,dingdang.VMI
t42903m,Bomber Hehhe,JP,ready,Bomber Hehhe! (Japan),bomberhe,bomberhe.VMI
51065,Bomberman Online,US,ready,Bomberman Online (USA),bomberman,v32866.vmi
t8117n,Bust A Move 4,US,ready,Bust-A-Move 4 (USA),bustamove4,pb4us.VMI
t13007n,Buzz Lightyear of Star Command,US,ready,Disney-Pixar Buzz Lightyear of Star Command (USA),buzzlightyear,v74825.vmi
t12504n,Caesar's Palace 2000,US,ready,Caesars Palace 2000 - Millennium Gold Edition (USA),caesar,v7771.vmi
t1215n,Cannon Spike,US,ready,Cannon Spike (USA),cannonspike,v25804.vmi+v50562.vmi
t20108m,Canvas,JP,ready,Canvas - Sepia-iro no Motif (Japan),canvas,CANVAS.VMI
t1249m,Capcom vs. SNK 2,JP,ready,Capcom vs. SNK 2,capcomsnk2,v7082.vmi+cvs2rep1.VMI+cvs2rep2.VMI+cvs2rep3.VMI+cvs2rep4.VMI+cvs2rep5.VMI+cvs2rep6.VMI
t1218n,Capcom vs. SNK: Millennium Fight 2000,US,needs review,Capcom vs. SNK: Millennium Fight 2000,capcomsnk,v47663.vmi+v56329.vmi
t5701n,Carrier,US,ready,Carrier (USA),carrier,CARRIER.VMI
t46901m,Castle Fantasia,JP,ready,Castle Fantasia - Seima Taisen (Japan),castlefan,CASTLEFA.VMI
t40602n,Centipede,US,ready,Centipede (USA),centipede,v72205.vmi
t41403n,Championship Surfer,US,ready,Championship Surfer (USA),champsurfer,v86604.vmi
t15127n,Charge 'N Blast,US,ready,Charge 'N Blast (USA),chargeblast,v23820.vmi
cheatarcdx01,Cheat-device code save: Action Replay CDX code save (many codes loaded),-,needs review,"(cheat device data, not a disc)",arcdx,arcdx1.VMI
cheatarcdx02,"Cheat-device code save: Action Replay CDX code save: 423 games, all regions",-,needs review,"(cheat device data, not a disc)",arcdx,AR423.VMI
cheatxploder30,Cheat-device code save: Code Breaker / Xploder DC code save (30 games),-,needs review,"(cheat device data, not a disc)",xploder,XPLODER.VMI
cheatgscdx01,Cheat-device code save: GameShark CDX code save,-,needs review,"(cheat device data, not a disc)",gscdx,gscdx1.VMI
cheatgscdx02,Cheat-device code save: GameShark CDX code save,-,needs review,"(cheat device data, not a disc)",gscdx,GSCDX.vmi
cheatpsogs,Cheat-device code save: GameShark CDX codes for Phantasy Star Online (JP & US),-,needs review,"(cheat device data, not a disc)",pso,psocodes.VMI
cheatpso2gs,Cheat-device code save: GameShark codes for Phantasy Star Online Ver. 2,-,needs review,"(cheat device data, not a disc)",pso2,FCDCHEAT.VMI
cheatsofgs,Cheat-device code save: GameShark codes for Soldier of Fortune (unlimited armor/ammo),-,needs review,"(cheat device data, not a disc)",soldierfortune,v64385.vmi
cheatpso2xp,Cheat-device code save: Xploder codes for Phantasy Star Online Ver. 2,-,needs review,"(cheat device data, not a disc)",pso2,v45276.vmi
t36811n,Chicken Run,US,ready,Chicken Run (USA),chickenrun,v7111.vmi
51049,Chu Chu Rocket,US,ready,"ChuChu Rocket! (USA) (En,Ja,Fr,De,Es)",chuchu,v38939.vmi+v7640.vmi
t15128n,Coaster Works,US,ready,Coaster Works (USA),coasterworks,v14850.vmi
t38301m,Comic Party,JP,ready,Comic Party (Japan) (Disc 1) (Rev A) | Comic Party (Japan) (Disc 2) | Comic Party (Japan) (Disc 1) (Rev B) | Comic Party (Japan) (Disc 2) (Rev B),comicpart,comicpar.VMI
t38302m,Comic Party,JP,ready,Comic Party (Japan) (Disc 1) (Rev A) | Comic Party (Japan) (Disc 2) | Comic Party (Japan) (Disc 1) (Rev B) | Comic Party (Japan) (Disc 2) (Rev B),comicpart,comicpar.VMI
51160,Confidential Mission,US,ready,"Confidential Mission (USA) (En,Ja,Fr,De,Es)",cmission,v23841.vmi
t17721n,Conflict Zone,US,ready,Conflict Zone (USA),conflictzone,v30142.vmi
t3106m,Cool Cool Toon,JP,ready,Cool Cool Toon (Japan),cooltoon,COOLCT.VMI
51035,Crazy Taxi,US,ready,"Crazy Taxi (USA) (En,Ja)",crazytaxi,v81909.vmi+CRAZYT.VMI
51136,Crazy Taxi 2,US,ready,Crazy Taxi 2 (USA),crazytaxi2,v51513.vmi+v43160.vmi
51036,D2,US,ready,D2 (USA) (Disc 1) | D2 (USA) (Disc 2) | D2 (USA) (Disc 3) | D2 (USA) (Disc 4),d2,v93751.vmi
hdr0084,Dabitsuku 1,JP,ready,Dabitsuku - Derby-ba o Tsukurou! (Japan),dabi1,DABI1.VMI
hdr0167,Dabitsuku 2,JP,ready,Dabitsuku 2 (Japan),dabi2,DABI2.VMI
t9508m,Dance Dance Revolution Club Mix,JP,ready,Dance Dance Revolution - Club Version - Dreamcast Edition (Japan),ddrclubmix,DDRCLUB.VMI
t8120n,Dave Mirra Freestyle BMX,US,ready,Dave Mirra Freestyle BMX (USA),davemirra,v62106.vmi
51037,Daytona USA,US,ready,Daytona USA (USA),daytona,v84127.vmi
t3601n,Dead or Alive 2,US,ready,Dead or Alive 2,doa2,v53357.vmi
t23202m,Death Crimson OX,JP,ready,Death Crimson OX (Japan),deathcrim,deathcox.VMI
t17705n,Deep Fighter,US,ready,Deep Fighter (USA) (Disc 1) | Deep Fighter (USA) (Disc 2),deepfighter,v2644.vmi
t15112n,Demolition Racer: No Exit,US,ready,Demolition Racer - No Exit (USA),demolitionrace,v21403.vmi
t46301m,DiGi Charat Fantasy,JP,ready,Di Gi Charat Fantasy (Japan),digichar,DIGICHAR.VMI
t46302m,DiGi Charat Fantasy,JP,ready,Di Gi Charat Fantasy (Japan),digichar,DIGICHAR.VMI
t1217n,Dino Crisis,US,ready,Dino Crisis (USA),dinocrisis,v57518.vmi
t17717n,Dinosaur,US,ready,Disney's Dinosaur (USA),dinosaur,v42869.vmi
t36804n,Disney World Magical Racing Tour,US,ready,Walt Disney World Quest - Magical Racing Tour (USA),disneymagical,v80503.vmi
t17719n,Donald Duck: Goin' Quackers,US,ready,Disney's Donald Duck - Goin' Quackers (USA),donaldduck,v2502.vmi
t40203n,Draconus: Cult of the Wyrm,US,ready,Draconus - Cult of the Wyrm (USA),draconus,v59123.vmi
t17720n,Dragon Riders: Chronicles of Pern,US,ready,Dragon Riders - Chronicles of Pern (USA),dragon,v68252.vmi
t8113n,Ducati World Racing Challenge,US,ready,Ducati World - Racing Challenge (USA),ducati,v12887.vmi
51013,Dynamite Cop,US,ready,Dynamite Cop! (USA),dynamitecop,v65817.vmi
51033,Ecco the Dolphin: Defender of the Future,US,ready,"Ecco the Dolphin - Defender of the Future (USA) (En,Fr,De,Es)",ecco,v19532.vmi
t8114n,ECW: Anarchy Rulz,US,ready,ECW Anarchy Rulz (USA),ecwanarchy,v39669.vmi
t8112n,ECW: Hardcore Revolution,US,ready,ECW Hardcore Revolution (USA),ecw,v69549.vmi
t41601n,EGG: Elemental Gimmick Gear,US,ready,Elemental Gimmick Gear (USA),egg,v38057.vmi
t1223m,Eldorado Gate 1,JP,ready,Eldorado Gate Dai-1-kan (Japan),eldorado1,eldgate1.VMI
t1229m,Eldorado Gate 7,JP,ready,Eldorado Gate Dai-7-kan (Japan),eldorado7,eldgate7.VMI
t38804m,Espion Age Nts,JP,ready,Espion-Age-nts (Japan),espion,ESPION.VMI
t9509n,ESPN International Track and Field,US,ready,ESPN International Track & Field (USA),espntrack,v80721.vmi
t9503n,ESPN NBA 2 Night,US,needs review,ESPN NBA 2Night (USA),espnnba,v36243.vmi
t46303m,Evangelion Ayanami Rei,JP,ready,Shin Seiki Evangelion - Ayanami Ikusei Keikaku (Japan),evarei,vmfl_173.VMI
t35101m,Evangelion Project E,JP,ready,Shin Seiki Evangelion - Typing E Keikaku (Japan),evaproe,type_e01.VMI
t10003n,Evil Dead: Hail to the King,US,ready,Evil Dead - Hail to the King (USA),evildead,v97286.vmi
t46605d71,Evil Twin,EU,ready,"Evil Twin - Cyprien's Chronicles (Europe) (En,Fr,De,Es,It) | Evil Twin - Cyprien's Chronicles (Europe) (En,Fr)",eviltwin,00000024.vmi
t46605d80,Evil Twin,EU,ready,"Evil Twin - Cyprien's Chronicles (Europe) (En,Fr,De,Es,It) | Evil Twin - Cyprien's Chronicles (Europe) (En,Fr)",eviltwin,00000024.vmi
t17706n,Evolution,US,ready,Evolution - The World of Sacred Device (USA),evolution,v77140.vmi
t17711n,Evolution 2: A Far Off Promise,US,ready,Evolution 2 - Far Off Promise (USA),evolution2,00000012.vmi
t15104n,Expendable,US,ready,"Expendable (USA) (En,Fr,De,Es,It)",expendable,v91860.vmi
51030,F1 World Grand Prix,US,needs review,"F1 World Grand Prix (USA) (En,Fr,De,Es)",f1worldprix,v75648.vmi
hdr0100,F355 Challenge,JP,ready,F355 Challenge (Japan),f355challenge,v59007.vmi
t36801n,Fighting Force 2,US,needs review,Fighting Force 2 (USA) (Rev A) | Fighting Force 2 (USA),fightforce2,v94821.vmi
mk5115450,Fighting Vipers 2,EU,needs review,Fighting Vipers 2,fightvip2,f_snake2.VMI
t18804m,Fire Pro Wrestling D,JP,ready,Fire Pro Wrestling D (Japan),fireprowd,SYS.VMI
51007,Flag To Flag,US,ready,Flag to Flag (USA),flag2flag,v54673.vmi
51114,Floigan Brothers,US,ready,Floigan Bros. - Episode 1 (USA),floiganbros,v46904.vmi+FBROSJ.VMI
t34201m,Frame Gride,JP,ready,Frame Gride (Japan),framegride,FRAMEGR.VMI
t40604n,Frogger 2: Swampy's Revenge,US,ready,Frogger 2 - Swampy's Revenge (USA),frogger2,v54472.vmi
t8107n,Fur Fighters,US,ready,"Fur Fighters (USA) (En,Fr,De,Es)",furfighters,v35224.vmi
hdr0187,Fushigi Dungeon,JP,ready,Fushigi no Dungeon - Fuurai no Shiren Gaiden - Onna Kenshi Asuka Kenzan! (Japan),fushigi,asuka001.VMI
t3108m,Garou: Mark of the Wolves,JP,needs review,Garou: Mark of the Wolves,garou,garou1.VMI
t47302m,Garou: Mark of the Wolves,JP,needs review,Garou: Mark of the Wolves,garou,garou1.VMI
t9710n,Gauntlet Legends,US,ready,Gauntlet Legends (USA),gauntletlegends,v48502.vmi
hdr0101,Giant Gram 2000,JP,ready,Giant Gram 2000 - Zen Nihon Pro Wres 3 Eikou no Yuushatachi (Japan),giantgram,GIANTG2K.VMI
t1209n,Giga Wing,US,ready,GigaWing (USA),gigawing,GIGAWING.VMI
t1222n,Giga Wing 2,US,ready,GigaWing 2 (USA),gigawing2,v499.vmi
hdr0004,Godzilla Generations,JP,ready,Godzilla Generations (Japan),godzilla,GODZILLA.VMI
t44501m,Golf Shiyouyo,JP,ready,Golf Shiyou yo 2 - Aratanaru Chousen (Japan),golfshiyo,SHIGOLF2.VMI
t42102n,Grand Theft Auto 2,US,ready,Grand Theft Auto 2 (USA),gta2,v81958.vmi
t17716n,Grandia 2,US,ready,Grandia II (USA),grandia2,v81729.vmi
t2401m,Guilty Gear X,JP,ready,Guilty Gear X,guiltygearx,v55699.vmi
t2402m,Guilty Gear X,JP,ready,Guilty Gear X,guiltygearx,v55699.vmi
t1214n,Gunbird 2,US,needs review,Gunbird 2 (USA),gunbird2,v33167.vmi
t13304m,Gundam Battle Online,JP,ready,Gundam Battle Online (Japan),gundamol,GUNDAMO2.VMI
t13301n,Gundam Side Story 0079,US,ready,Gundam Side Story 0079 - Rise from the Ashes (USA),gundam,v58359.vmi
t13305m,Gundam: Blood Of Zeon,JP,ready,Kidou Senshi Gundam - Gihren no Yabou - Zeon no Keifu (Japan) (Disc 1) (Earth Federation Disc) | Kidou Senshi Gundam - Gihren no Yabou - Zeon no Keifu (Japan) (Disc 2) (Zeon Disc),gundambz,00000181.vmi
mk5104150,Head Hunter,EU,ready,"Headhunter (Europe) (En,Fr,De,Es) (Disc 1) | Headhunter (Europe) (En,Fr,De,Es) (Disc 2)",headhunt,v86416.vmi
t1223n,Heavy Metal: Geomatrix,US,ready,Heavy Metal - Geomatrix (USA),heavymetal,v99350.vmi
t40502n,Hidden and Dangerous,US,ready,Hidden & Dangerous (USA),hiddendangerous,v45698.vmi
51002,House of the Dead 2,US,ready,"House of the Dead 2, The (USA)",house_dead,v3080.vmi
t11008n,Hoyle Casino,US,ready,Hoyle Casino (USA),hoyle,v7562.vmi
hdr0124,Hundred Swords,JP,ready,Hundred Swords (Japan) | Hundred Swords (Japan) (@barai),hswords,100SWOR3.VMI
hdr0127,Hundred Swords,JP,ready,Hundred Swords (Japan) | Hundred Swords (Japan) (@barai),hswords,100SWOR3.VMI
t9702n,Hydro Thunder,US,ready,Hydro Thunder (USA) (Rev 1) | Hydro Thunder (USA),hydrothunder,v17911.vmi
t38706m,Ikaruga,JP,ready,Ikaruga (Japan),ikaruga,IKARUGA.VMI
t46001n,Illbleed,US,ready,Illbleed (USA),illbleed,v53049.vmi+v85416.vmi
t12503n,Incoming,US,ready,Incoming (USA),incoming,v30743.vmi
t41302n,Industrial Spy: Operation Espionage,US,ready,Industrial Spy - Operation Espionage (USA),industrialspy,v8391.vmi
t15129n,Iron Aces,US,ready,Iron Aces (USA),ironaces,v91038.vmi
t8104n,Jeremy McGrath Supercross 2000,US,ready,Jeremy McGrath Supercross 2000 (USA),jeremymcgrath,v85569.vmi
51058,Jet Grind Radio,US,ready,Jet Grind Radio (USA),jetgrindradio,v63649.vmi+v4596.vmi
51084,Jet Grind Radio,US,ready,Jet Grind Radio (USA),jetgrindradio,v63649.vmi+v4596.vmi
hdr0128,Jet Set Radio DX,JP,needs review,"De La Jet Set Radio (Japan) (En,Ja,Fr,De,Es)",jetsetdx,jetsetdx.VMI
hdr0186,Jet Set Radio DX,JP,needs review,"De La Jet Set Radio (Japan) (En,Ja,Fr,De,Es)",jetsetdx,jetsetdx.VMI
t1206n,JoJo's Bizarre Adventure,US,ready,JoJo's Bizarre Adventure,jojo,v11766.vmi
t35401m,July,JP,ready,July (Japan) (Rev A) | July (Japan),july,july0001.VMI
t20105m,Kanon,JP,ready,Kanon (Japan),kanon,KANON1.VMI
t22903n,Kao the Kangaroo,US,ready,"Kao the Kangaroo (USA) (En,Es)",kao,v27628.vmi
t13306m,Kidou Senshi Gundam: Renpou vs. Zeon & DX,JP,needs review,Kidou Senshi Gundam: Renpou vs. Zeon & DX,gundamrvz,gundadx1.VMI+gundadx2.VMI
t41901n,KISS Psycho Circus: The Nightmare Child,US,ready,KISS Psycho Circus - The Nightmare Child (USA),kisspsycho,v18835.vmi
t9905m,Kono Hana True Report,JP,ready,Konohana - True Report (Japan),truerep,00000004.vmi
t2501m,Langrisser Millennium,JP,ready,Langrisser Millennium (Japan),langrisser,langris2.VMI
t36802n,Legacy of Kain: Soul Reaver,US,ready,Legacy of Kain - Soul Reaver (USA),legacykain,v3848.vmi
t15116n,Looney Toons Space Race,US,ready,"Looney Tunes - Space Race (USA) (En,Fr,Es)",looneytoons,v96069.vmi
hdr0102,Love Hina,JP,ready,Love Hina - Totsuzen no Engage Happening (Japan),lovehina,lovehina.VMI
hdr0112,Love Hina,JP,ready,Love Hina - Totsuzen no Engage Happening (Japan),lovehina,lovehina.VMI
hdr0139,Love Hina 2,JP,ready,Love Hina - Smile Again (Japan),lovehina2,lovehin2.VMI
t21501m,Macross M3,JP,ready,Macross M3 (Japan),macross,macross.VMI
t21502m,Macross M3,JP,ready,Macross M3 (Japan),macross,macross.VMI
t40208n,MagForce Racing,US,ready,"MagForce Racing (USA) (En,Fr,De,Es,It)",magforceracing,v25599.vmi
hdr0116,Magic The Gathering,JP,ready,Magic - The Gathering (Japan),magic,magicthe.VMI
51050,Maken X,US,ready,Maken X (USA),makenx,v3910.vmi
t2201m,Marionette Handler,JP,ready,Marionette Handler (Japan),marionette1,MARHAND1.VMI
t2204m,Marionette Handler 2,JP,ready,Marionette Handler 2 (Japan),marionette2,MARHAND2.VMI
t1221n,Mars Matrix,US,ready,Mars Matrix (USA),marsmatrix,v36250.vmi
t1202n,Marvel vs. Capcom,US,ready,Marvel vs. Capcom,marvelcapcom,v4581.vmi
t1212n,Marvel vs. Capcom 2,US,ready,Marvel vs. Capcom 2,marvelcapcom2,v90768.vmi
t13005n,Mat Hoffman's Pro BMX,US,ready,Mat Hoffman's Pro BMX (USA),matbmx,v34970.vmi
t41402n,Max Steel,US,ready,Max Steel - Covert Missions (USA),maxsteel,v23833.vmi
t11002n,Maximum Pool,US,ready,Maximum Pool (USA),maxpool,v9149.vmi
t12502n,MDK 2,US,ready,MDK2 (USA),mdk2,v23982.vmi
t19707m,Memories Off 2nd,JP,ready,Memories Off 2nd (Japan),memoff2,memoff2.VMI
t19708m,Memories Off 2nd,JP,ready,Memories Off 2nd (Japan),memoff2,memoff2.VMI
t19702m,Memories Off Complete,JP,ready,Memories Off Complete (Japan),memoff,memoff1.VMI
51012,Metropolis Street Racer,US,ready,MSR - Metropolis Street Racer (USA),metropolisracer,v72304.vmi
t19713m,Milky Season,JP,ready,Milky Season (Japan),milky,milkysea.VMI
t20114m,Mizuiro,JP,ready,Mizuiro (Japan),mizuiro,mizuiro.VMI
t20115m,Mizuiro,JP,ready,Mizuiro (Japan),mizuiro,mizuiro.VMI
t17701n,Monaco Grand Prix,US,ready,Monaco Grand Prix (USA),monacoprix,v88272.vmi
t9701n,Mortal Kombat Gold,US,ready,Mortal Kombat Gold,mkg,v23409.vmi
t1402n,Mr. Driller,US,ready,Mr. Driller (USA),driller,drilleru.VMI
t1404n,Ms. Pac-Man Maze Madness,US,ready,Ms. Pac-Man Maze Madness (USA),mspacman,PACMAN.vmi
t10004n,MTV Sports: Skateboarding,US,ready,MTV Sports - Skateboarding featuring Andy Macdonald (USA),mtvskate,v34809.vmi
t27901m,Nadesico The Mission,JP,ready,Kidou Senkan Nadesico - Nadesico the Mission (Japan),nadesico,NADESICO.VMI
t44702m,NaKoRuRu,JP,ready,Nakoruru - Ano Hito kara no Okurimono (Japan),nakoruru,00000020.vmi
t1403n,Namco Museum,US,ready,Namco Museum (USA),namcomuseum,v15212.vmi
t9709n,NBA Hoopz,US,ready,NBA Hoopz (USA),nbahoopz,v13529.vmi
t9706n,NBA Showtime: NBA on NBC,US,ready,NBA Showtime - NBA on NBC (USA),nbashow,v14808.vmi
51176,NCAA College Football 2K2: Road to the Rose Bowl,US,ready,NCAA College Football 2K2 - Road to the Rose Bowl (USA),ncaa,v26223.vmi
t19703m,Never 7: The End of Infinity,JP,ready,Never 7 - The End of Infinity (Japan),never7,never7.VMI
t9703n,NFL Blitz 2000,US,ready,NFL Blitz 2000 (USA) | NFL Blitz 2000 (USA) (Rev 1),nflblitz,v21453.vmi
t9712n,NFL Blitz 2001,US,ready,NFL Blitz 2001 (USA),nflblitz2k1,v58068.vmi
t9504n,Nightmare Creatures 2,US,ready,Nightmare Creatures II (USA),nightcreature2,v22798.vmi
t36807n,Omikron: The Nomad Soul,US,ready,"Omikron - The Nomad Soul (USA) (En,Fr,De,Es,It)",omikron,v89140.vmi
51140,Ooga Booga,US,ready,Ooga Booga (USA),ooga,v81380.vmi
51102,Outtrigger,US,ready,Outtrigger (USA),outtrigger,v4846.vmi
t15105n,Pen Pen Trilcelon,US,ready,PenPen TriIcelon (USA),penpen,v92450.vmi
51100,Phantasy Star Online,US,needs review,"Phantasy Star Online (USA) (En,Ja,Fr,De,Es)",pso,USFIRES1.VMI+USFIRES2.VMI+USSTEEL1.VMI+USSTEEL2.VMI+LETTER1.VMI+RAREMAT1.VMI+RAREMAT2.VMI
51193,Phantasy Star Online Version 2,US,ready,"Phantasy Star Online Ver. 2 (USA) (En,Ja,Fr,De,Es)",pso2,v14517.vmi
t20110m,Pia Carrot 3,JP,ready,Pia Carrot e Youkoso!! 3 (Japan),pia3,PIA3BEST.VMI
t1207n,Plasma Sword,US,ready,Plasma Sword,plasmasword,v78823.vmi
t17713n,POD: Speedzone,US,ready,POD - Speedzone (USA),pod,podsave.VMI
t6806m,Power Jet Racing 2001,JP,ready,Power Jet Racing 2001 (Japan),jetr2001,JETRACE1.VMI
t1201n,Power Stone,US,ready,Power Stone,powerstone,v27222.vmi
t1211n,Power Stone 2,US,ready,Power Stone 2,powerstone2,v67990.vmi
t41405n,Prince of Persia: Arabian Nights,US,ready,Prince of Persia - Arabian Nights (USA),prince,v4808.vmi
t47105m,Princess Holiday,JP,needs review,Princess Holiday - Korogaru Ringo Tei Sen'ya Ichiya (Japan),princessh,PRINCESS.VMI
t47106m,Princess Holiday,JP,needs review,Princess Holiday - Korogaru Ringo Tei Sen'ya Ichiya (Japan),princessh,PRINCESS.VMI
t44801m,Princess Maker Collection,JP,ready,Princess Maker Collection (Japan),princessmaker,primake2.VMI
t19711m,Prism Heart,JP,ready,Prism Heart (Japan),prism,prismhea.VMI
t22002m,Prismaticallization,JP,ready,Prismaticallization (Japan),prismatic,PRISMATI.VMI
t1219n,Project Justice,US,ready,Project Justice,projectjustice,schoolus.VMI
t31101n,Psychic Force 2012,US,ready,Psychic Force 2012,psychicforce,v27440.vmi
hdr0216,Puyo Pop Fever,JP,ready,"Puyo Puyo Fever (Japan) (En,Ja)",puyofever,00001654.VMI
hdr0217,Puyo Pop Fever,JP,ready,"Puyo Puyo Fever (Japan) (En,Ja)",puyofever,00001654.VMI
hdr0014,Puyo Puyo 4,JP,ready,Puyo Puyoon (Japan),puyopuyo4,PUYOP4.VMI
51061,Quake 3 Arena,US,ready,Quake III - Arena (USA),quake3,v84042.vmi
t41902n,Railroad Tycoon 2,US,ready,Railroad Tycoon II (USA),railroadtycoon2,v43042.vmi
t9901m,Rainbow Cotton,JP,ready,Rainbow Cotton (Japan),rainbowcotton,RAINCOT.VMI
t40401n,Rainbow Six,US,ready,Tom Clancy's Rainbow Six with Eagle Watch Missions (USA),rainbowsix,RAINBOW6.VMI
t40402n,Rainbow Six: Rogue Spear,US,ready,Tom Clancy's Rainbow Six - Rogue Spear + Mission Pack - Urban Operations (USA),rsrogue,v95448.vmi
t17704n,Rayman 2: The Great Escape,US,ready,"Rayman 2 - The Great Escape (USA) (En,Fr,De,Es,It)",rayman2,v17571.vmi+v5124.vmi
t40219n,Razor Freestyle Scooter,US,ready,Razor Freestyle Scooter (USA),razor,v47428.vmi
t8109n,Re-Volt,US,ready,Re-Volt (USA),revolt,v63092.vmi
t9704n,Ready 2 Rumble Boxing,US,ready,Ready 2 Rumble Boxing (USA) (Rerelease) | Ready 2 Rumble Boxing (USA),ready_rumble,v83017.vmi
t9717n,Ready to Rumble Boxing 2,US,ready,"Ready 2 Rumble Boxing (USA) (Rerelease) | Ready 2 Rumble Boxing (USA) | Ready 2 Rumble Boxing - Round 2 (USA) (En,Fr,De)",ready_rumble2,v36902.vmi
t40218n,Record of Lodoss War,US,ready,Record of Lodoss War (USA),reclodoss,v68838.vmi
t40215n,Red Dog: Superior Fire Power,US,ready,Red Dog - Superior Firepower (USA),reddog,v64962.vmi
t15002m,Redline Racer,JP,needs review,Redline Racer (Japan),redlineracer,REDRACE.VMI
t44303n,Reel Fishing Wild,US,ready,Reel Fishing + Wild (USA),reelfish,v60365.vmi
hdr0074,Rent A Hero No. 1,JP,ready,Rent a Hero No. 1 (Japan),rentahero,v47039.vmi
t1205n,Resident Evil 2,US,ready,Resident Evil 2 (USA) (Disc 1) | Resident Evil 2 (USA) (Disc 2),residentevil2,v68066.vmi
t1220n,Resident Evil 3: Nemesis,US,ready,Resident Evil 3 - Nemesis (USA),residentevil3,v27144.vmi
t1204n,Resident Evil: Code Veronica,US,ready,Resident Evil - Code - Veronica (USA) (Disc 1) | Resident Evil - Code - Veronica (USA) (Disc 2),resident_evil,v65733.vmi
t1301m,Revive,JP,ready,Revive... - Sosei (Japan),revive,revive1.VMI
mk5119250,Rez,EU,ready,"Rez (Europe) (En,Ja,Fr,De,Es,It)",rez,rez9999.VMI
51010,Rippin' Riders,US,ready,Rippin' Riders Snowboarding (USA),rippinriders,00000579.vmi
t22901n,Roadsters,US,needs review,Roadsters (USA),roadsters,v96969.vmi
t19502m,Roommate Novel,JP,ready,Roommate Novel - Satou Yuka (Japan),roommate,ROOMMATE.VMI
hdr0126,SaKaToKu 1,JP,ready,Sakatsuku Tokudaigou - J.League Pro Soccer Club o Tsukurou! (Japan) | Sakatsuku Tokudaigou - J.League Pro Soccer Club o Tsukurou! (Japan) (Rev A),sakato1,TEDAH1_1.VMI
hdr0183,SaKaToKu 2,JP,ready,Sakatsuku Tokudaigou 2 - J.League Pro Soccer Club o Tsukurou! (Japan),sakato2,TEDAH2e1.VMI
hdr0115,Sakura Card Captor: Tomoyo Video,JP,needs review,Cardcaptor Sakura - Tomoyo no Video Daisakusen (Japan),sakura_card,v14383.vmi
hdr0132,Sakura Card Captor: Tomoyo Video,JP,needs review,Cardcaptor Sakura - Tomoyo no Video Daisakusen (Japan),sakura_card,v14383.vmi
hdr0089,Sakura Wars 1,JP,ready,Sakura Taisen (Japan) (Disc 1) | Sakura Taisen (Japan) (Disc 2) | Sakura Taisen (Japan) (Disc 2) (Rev A) | Sakura Taisen (Japan) (Disc 1) (Rev A),sakura1,sw1_sys.VMI
hdr0192,Sakura Wars 1,JP,ready,Sakura Taisen (Japan) (Disc 1) | Sakura Taisen (Japan) (Disc 2) | Sakura Taisen (Japan) (Disc 2) (Rev A) | Sakura Taisen (Japan) (Disc 1) (Rev A),sakura1,sw1_sys.VMI
hdr0082,Sakura Wars 2,JP,ready,"Sakura Taisen 2 - Kimi, Shinitamou Koto Nakare (Japan) (Disc 1) | Sakura Taisen 2 - Kimi, Shinitamou Koto Nakare (Japan) (Disc 2) | Sakura Taisen 2 - Kimi, Shinitamou Koto Nakare (Japan) (Disc 3) | Sakura Taisen 2 - Kimi, Shinitamou Koto Nakare (Japan) (Disc 1) (Rev A) | Sakura Taisen 2 - Kimi, Shinitamou Koto Nakare (Japan) (Disc 2) (Rev A) | Sakura Taisen 2 - Kimi, Shinitamou Koto Nakare (Japan) (Disc 3) (Rev A)",sakura2,sw2_sys.VMI
hdr0108,Sakura Wars 2,JP,ready,"Sakura Taisen 2 - Kimi, Shinitamou Koto Nakare (Japan) (Disc 1) | Sakura Taisen 2 - Kimi, Shinitamou Koto Nakare (Japan) (Disc 2) | Sakura Taisen 2 - Kimi, Shinitamou Koto Nakare (Japan) (Disc 3) | Sakura Taisen 2 - Kimi, Shinitamou Koto Nakare (Japan) (Disc 1) (Rev A) | Sakura Taisen 2 - Kimi, Shinitamou Koto Nakare (Japan) (Disc 2) (Rev A) | Sakura Taisen 2 - Kimi, Shinitamou Koto Nakare (Japan) (Disc 3) (Rev A)",sakura2,sw2_sys.VMI
hdr0193,Sakura Wars 2,JP,ready,"Sakura Taisen 2 - Kimi, Shinitamou Koto Nakare (Japan) (Disc 1) | Sakura Taisen 2 - Kimi, Shinitamou Koto Nakare (Japan) (Disc 2) | Sakura Taisen 2 - Kimi, Shinitamou Koto Nakare (Japan) (Disc 3) | Sakura Taisen 2 - Kimi, Shinitamou Koto Nakare (Japan) (Disc 1) (Rev A) | Sakura Taisen 2 - Kimi, Shinitamou Koto Nakare (Japan) (Disc 2) (Rev A) | Sakura Taisen 2 - Kimi, Shinitamou Koto Nakare (Japan) (Disc 3) (Rev A)",sakura2,sw2_sys.VMI
hdr0147,Sakura Wars 3,JP,ready,Sakura Taisen 3 - Paris wa Moeteiru ka (Japan) (Disc 1) | Sakura Taisen 3 - Paris wa Moeteiru ka (Japan) (Disc 2) | Sakura Taisen 3 - Paris wa Moeteiru ka (Japan) (Disc 3),sakura3,sw3_sys.VMI
hdr0148,Sakura Wars 3,JP,ready,Sakura Taisen 3 - Paris wa Moeteiru ka (Japan) (Disc 1) | Sakura Taisen 3 - Paris wa Moeteiru ka (Japan) (Disc 2) | Sakura Taisen 3 - Paris wa Moeteiru ka (Japan) (Disc 3),sakura3,sw3_sys.VMI
hdr0152,Sakura Wars 3,JP,ready,Sakura Taisen 3 - Paris wa Moeteiru ka (Japan) (Disc 1) | Sakura Taisen 3 - Paris wa Moeteiru ka (Japan) (Disc 2) | Sakura Taisen 3 - Paris wa Moeteiru ka (Japan) (Disc 3),sakura3,sw3_sys.VMI
hdr0194,Sakura Wars 3,JP,ready,Sakura Taisen 3 - Paris wa Moeteiru ka (Japan) (Disc 1) | Sakura Taisen 3 - Paris wa Moeteiru ka (Japan) (Disc 2) | Sakura Taisen 3 - Paris wa Moeteiru ka (Japan) (Disc 3),sakura3,sw3_sys.VMI
hdr0191,Sakura Wars 4,JP,ready,Sakura Taisen 4 - Koi seyo Otome (Japan),sakura4,00000023.vmi
hdr0202,Sakura Wars 4,JP,ready,Sakura Taisen 4 - Koi seyo Otome (Japan),sakura4,00000023.vmi
hdr0046,Sakura Wars Columns,JP,needs review,Sakura Taisen - Hanagumi Taisen Columns 2 (Japan),sakurapz,sakurapz.VMI
hdr0057,Sakura Wars Kayou Show,JP,ready,Oogami Ichirou Funtouki - Sakura Taisen Kayou Show Beni Tokage yori (Japan) (Disc 1) | Oogami Ichirou Funtouki - Sakura Taisen Kayou Show Beni Tokage yori (Japan) (Disc 2),sakuraks,SWDASHEN.VMI
51092,Samba de Amigo,US,ready,Samba de Amigo (USA),samba,v39888.vmi
t9707n,San Francisco Rush 2049,US,ready,"San Francisco Rush 2049 (USA) (En,Fr,De,Es,It,Nl)",rush2049,v82401.vmi
51006,Sega Bass Fishing,US,ready,Sega Bass Fishing (USA),bassfish,v21584.vmi
51166,Sega Bass Fishing 2,US,ready,Sega Bass Fishing 2 (USA),bassfish2,v40328.vmi
mk51053,Sega GT,US,ready,Sega GT (USA),segagt,v64594.vmi
51096,Sega Marine Fishing,US,ready,Sega Marine Fishing (USA),marinefish,v72852.vmi
51019,Sega Rally Championship 2,US,ready,Sega Rally 2 (USA),segarally,SGRALLY2.VMI
51146,Sega Smash Pack Vol. 1,US,ready,Sega Smash Pack - Volume 1 (USA),smashpack,MDEMU001.VMI+MDEMU002.VMI+v28454.vmi
51004,Sega Sports NBA 2K,US,ready,NBA 2K (USA),nba2k,v90157.vmi
51063,Sega Sports NBA 2K1,US,ready,NBA 2K1 (USA),nba2k1,v77819.vmi+v23656.vmi
51178,Sega Sports NBA 2K2,US,ready,NBA 2K2 (USA),nba2k2,v37129.vmi
51003,Sega Sports NFL 2K,US,ready,NFL 2K (USA),nfl2k,v41856.vmi
51062,Sega Sports NFL 2K1,US,ready,"NFL 2K1 (USA, Canada)",nfl2k1,v92764.vmi+v45179.vmi
51069,Sega Sports NFL 2K1,US,ready,"NFL 2K1 (USA, Canada)",nfl2k1,v92764.vmi+v45179.vmi
51168,Sega Sports NFL 2K2,US,ready,NFL 2K2 (USA),nfl2k2,v76050.vmi
51025,Sega Sports NHL 2K,US,ready,"NHL 2K (USA, Canada)",nhl2k,v62214.vmi
51124,Sega Sports NHL 2K,US,ready,"NHL 2K (USA, Canada)",nhl2k,v62214.vmi
hdr0083,SeGaGaGa,JP,ready,SGGG - Segagaga (Japan) | SGGG - Segagaga (Japan) (Rev A),segagaga,SEGAGAGA.VMI
hdr0151,SeGaGaGa,JP,ready,SGGG - Segagaga (Japan) | SGGG - Segagaga (Japan) (Rev A),segagaga,SEGAGAGA.VMI
hdr0171,SeGaGaGa,JP,ready,SGGG - Segagaga (Japan) | SGGG - Segagaga (Japan) (Rev A),segagaga,SEGAGAGA.VMI
t42201m,Seirei Hata Ray Blade,JP,needs review,Seireiki Rayblade (Japan),seirei,SHENGLJ2.VMI
t41301n,Seventh Cross Evolution,US,ready,Seventh Cross Evolution (USA),seventhcrossevolution,00000176.vmi
t8106n,Shadow Man,US,ready,Shadow Man (USA) | Shadow Man (USA) (Rev A),shadowman,v92438.vmi+v8737.vmi
51059,Shenmue Chapter 1: Yokosuka,US,ready,Shenmue (USA) (Disc 1) | Shenmue (USA) (Disc 2) | Shenmue (USA) (Disc 3) | Shenmue (USA) (Shenmue Passport),shenmue,v98269.vmi
51131,Shenmue Chapter 1: Yokosuka,US,ready,Shenmue (USA) (Disc 1) | Shenmue (USA) (Disc 2) | Shenmue (USA) (Disc 3) | Shenmue (USA) (Shenmue Passport),shenmue,v98269.vmi
mk5118450,Shenmue II,EU,ready,"Shenmue II (Europe) (En,Fr,De,Es) (Disc 1) | Shenmue II (Europe) (En,Fr,De,Es) (Disc 2) | Shenmue II (Europe) (En,Fr,De,Es) (Disc 3) | Shenmue II (Europe) (En,Fr,De,Es) (Disc 4)",shenmue2,v91835.vmi
t9507n,Silent Scope,US,ready,Silent Scope (USA),silentscope,v91000.vmi
t15108n,Silver,US,ready,Silver (USA),silver,v760.vmi
51052,Skies of Arcadia,US,ready,Skies of Arcadia (USA) (Disc 1) | Skies of Arcadia (USA) (Disc 2),arcadia,v28902.vmi+sa_d01.vmi+sa_d02.vmi+sa_d03.vmi+v94208.vmi
t15106n,Slave Zero,US,ready,Slave Zero (USA) | Slave Zero (USA) (Rev A),slave_zero,v31826.vmi
t40207n,Sno-Cross Championship Racing,US,ready,SnoCross Championship Racing (USA),snocross,v78041.vmi
t40212n,Soldier of Fortune,US,ready,Soldier of Fortune (USA),soldierfortune,v71043.vmi
51000,Sonic Adventure,US,ready,"Sonic Adventure (USA) (En,Ja,Fr,De,Es) (Rev A) | Sonic Adventure (USA) (En,Ja,Fr,De,Es)",sonic,v34162.vmi+v90593.vmi
51117,Sonic Adventure 2,US,ready,"Sonic Adventure 2 (USA) (En,Ja,Fr,De,Es)",sonic2,v55288.vmi+v47754.vmi
51060,Sonic Shuffle,US,needs review,Sonic Shuffle (USA),sonicshuffle,v58859.vmi
t9102m,Sorcerian,JP,ready,Sorcerian - Shichisei Mahou no Shito (Japan),sorcer,7XING.VMI
t9103m,Sorcerian,JP,ready,Sorcerian - Shichisei Mahou no Shito (Japan),sorcer,7XING.VMI
t41401n,Soul Fighter,US,ready,Soul Fighter (USA),soulfighter,v20176.vmi
t1401n,Soulcalibur,US,ready,Soulcalibur,soulcalibur,v27888.vmi
t8116n,South Park Rally,US,ready,South Park Rally (USA),southparkrally,v76554.vmi
51051,Space Channel 5,US,ready,Space Channel 5 (USA),spacechannel5,v53161.vmi
hdr0190,Space Channel 5 Part 2,JP,ready,Space Channel 5 Part 2 (Japan),space5p2,space5p2.VMI
t1216n,Spawn: In the Demon's Hand,US,ready,Spawn: In the Demon's Hand,spawn,v13340.vmi
t41704n,Spec Ops: Omega Squad,US,ready,Spec Ops II - Omega Squad (USA),specopsomega,v68899.vmi
t17702n,Speed Devils,US,ready,Speed Devils (USA),speeddevils,v95612.vmi
t17718n,Speed Devils Online Racing,US,ready,Speed Devils - Online Racing (USA),speeddevilson,v93076.vmi
t13008n,Spiderman,US,ready,Spider-Man (USA),spiderman,v92670.vmi
t44304n,Sports Jam,US,ready,Sports Jam (USA),sportsjam,v33248.vmi
t40209n,Star Lancer,US,ready,StarLancer (USA),starlancer,v89877.vmi
t46701m,Star Seeker - Doki Doki Idol Remix,JP,ready,Doki Doki Idol Star Seeker Remix (Japan),starseek,starseek.VMI
t23003n,Star Wars Demolition,US,ready,Star Wars - Demolition (USA),swdemolition,v28784.vmi
t23002n,Star Wars Episode 1: Jedi Power Battles,US,ready,Star Wars - Episode I - Jedi Power Battles (USA),starwarsjedi,v56151.vmi
t23001n,Star Wars Episode 1: Racer,US,ready,Star Wars - Episode I - Racer (USA),starwars,v19047.vmi
t1203n,Street Fighter Alpha 3,US,needs review,Street Fighter Alpha 3,streetfighter3,v77348.vmi+v32793.vmi+v20786.vmi
t1213n,Street Fighter III: 3rd Strike,US,ready,Street Fighter III: 3rd Strike,streetfight3rd,v37955.vmi
t1210n,Street Fighter III: Double Impact,US,ready,Street Fighter III: Double Impact,streetfight3di,v50554.vmi
t15111n,Striker Pro 2000,US,ready,Striker Pro 2000 (USA),strikerpro2k,v3240.vmi
t22904d50,Stunt GP,EU,ready,"Stunt GP (Europe) (En,Fr,De,Es,It,Nl,Sv)",stuntgp,STUNTGP.VMI
t17708n,Stupid Invaders,US,ready,Stupid Invaders (USA) (Disc 1) | Stupid Invaders (USA) (Disc 2),stupidinvaders,v1814.vmi
t41101m,Sunrise Eiyuutan,JP,ready,Sunrise Eiyuutan (Japan),sunrise_eiyu,SUNRISE.VMI
t20601m,Super Hero Retsuden,JP,ready,Tokusatsu Bouken Katsugeki Super Hero Retsuden (Japan),heroretsuden,supehero.VMI
t40206n,Super Magnetic Neo,US,ready,Super Magnetic Neo (USA),supermagicneo,v88771.vmi
t20602m,Super Robot Wars Alpha,JP,ready,Super Robot Taisen Alpha (Japan),srw,SRWLAST2.VMI+SRWSYSTE.VMI
t12511n,Super Runabout SF Edition,US,ready,Super Runabout - San Francisco Edition (USA),superrun,v62262.vmi
t1236m,Super Street Fighter II X for Matching Service,JP,ready,Super Street Fighter II X for Matching Service,ssf2x,SSF2X.VMI
t40216n,Surf Rocket Racers,US,ready,Surf Rocket Racers (USA),surfrocket,v85992.vmi
t17703n,Suzuki Alstare Extreme Racing,US,ready,Suzuki Alstare - Extreme Racing (USA),suzukirace,v79472.vmi
t36805n,Sword of the Berserk: Guts' Rage,US,ready,Sword of the Berserk - Guts' Rage (USA),sword_berserk,v73453.vmi
t36808n,Sydney 2000,US,ready,Sydney 2000 (USA),sydney2000,v48886.vmi
t44401m,Tantei Shinshi Dash,JP,ready,Tantei Shinshi Dash! (Japan) | Tantei Shinshi Dash! (Japan) (Rev A),tanteidash,ZhenTan.VMI
t44403m,Tantei Shinshi Dash,JP,ready,Tantei Shinshi Dash! (Japan) | Tantei Shinshi Dash! (Japan) (Rev A),tanteidash,ZhenTan.VMI
t1208n,Tech Romancer,US,ready,Tech Romancer,techromancer,v75767.vmi
t8108n,Tee-Off,US,ready,Tee Off (USA),teeoff,00000586.vmi
t15102n,Test Drive 6,US,ready,Test Drive 6 (USA),testdrive6,v26596.vmi
t15123n,Test Drive Le Mans,US,ready,"Test Drive Le Mans (USA) (En,Fr,Es)",lemans,v40738.vmi
t15110n,Test Drive V-Rally,US,ready,"Test Drive V-Rally (USA) (En,Fr,De)",vrally,v93443.vmi
t9512n,The Grinch,US,ready,"Grinch, The (USA) (En,Fr,Es)",grinch,v5981.vmi
t47303m,The King of Fighters 2000,JP,ready,The King of Fighters 2000,kof2000,KOF_2000.VMI
t47304m,The King of Fighters 2001,JP,ready,The King of Fighters 2001,kof2001,KOF_2001.VMI
t47305m,The King of Fighters 2002,JP,ready,The King of Fighters 2002,kof2002,KOF_2002.VMI
t3101n,The King of Fighters: Dream Match 1999,US,ready,The King of Fighters: Dream Match 1999,kof99dm,v93429.vmi
t44302n,The King of Fighters: Evolution,US,ready,The King of Fighters: Evolution,kof99evo,v62523.vmi
t44305n,The Last Blade 2,US,ready,The Last Blade 2,lastblade2,v35892.vmi
t40214n,The Next Tetris: Net Edition,US,ready,"Next Tetris, The - On-Line Edition (USA)",tetris,v10638.vmi
t44502m,The Rhapsody Of Zephyr,JP,ready,"Rhapsody of Zephyr, The (Japan)",rzephyr,XIFENG02.VMI
t15122n,The Ring: Terror's Realm,US,ready,"Ring, The - Terror's Realm (USA)",thering,THERING.VMI
51144,The Typing Of The Dead,US,ready,"Typing of the Dead, The (USA)",typingdead,TYPEDEAD.VMI
t42802m,The Virgin On Megiddo,JP,ready,Kaen Seibo - The Virgin on Megiddo (Japan) (Disc 1) | Kaen Seibo - The Virgin on Megiddo (Japan) (Disc 2),megiddo,huoyansh.VMI
51011,Time Stalkers,US,ready,Time Stalkers (USA),timestalkers,v67772.vmi
t13701n,TNN Motorsports Hardcore Heat,US,ready,TNN Motorsports Hardcore Heat (USA),hardcore,v87901.vmi
t35402m,Tokyo Bus Guide,JP,ready,Tokyo Bus Guide (Japan) | Tokyo Bus Guide (Japan) (Rev A),tokyobus,TOKYOBUS.VMI
t40202n,Tokyo Xtreme Racer,US,ready,Tokyo Xtreme Racer (USA),tokyo,v81983.vmi
t40211n,Tokyo Xtreme Racer 2,US,ready,Tokyo Xtreme Racer 2 (USA),tokyo2,v33171.vmi
t36812n,Tomb Raider: Chronicles,US,ready,Tomb Raider Chronicles (USA),tombraider5,v49962.vmi
t36806n,Tomb Raider: The Last Revelation,US,ready,Tomb Raider - The Last Revelation (USA),tombraider,00000001.vmi
t40205n,Tony Hawk's Pro Skater,US,ready,Tony Hawk's Pro Skater (USA),tonyhawk,v82327.vmi
t13006n,Tony Hawk's Pro Skater 2,US,ready,Tony Hawk's Pro Skater 2 (USA),tonyhawk2,v29481.vmi
51020,Toy Commander,US,ready,"Toy Commander (USA) (En,Fr,De,Es)",toycommander,v50553.vmi
t13003n,Toy Story 2,US,ready,Disney-Pixar Toy Story 2 - Buzz Lightyear to the Rescue! (USA),toystory,v38204.vmi
t8102n,Trickstyle,US,ready,TrickStyle (USA),trickstyle,00000168.vmi
t9104m,Tricolore Crise,JP,ready,Tricolore Crise (Japan),tricolore,3jiao3.VMI
t40204n,Ultimate Fighting Championship,US,needs review,Ultimate Fighting Championship,ufc,v13438.vmi+v67002.vmi
t15125n,Unreal Tournament,US,ready,"Unreal Tournament (USA) (En,Fr,De,Es,It)",unreal,v97099.vmi
t36810n,Urban Chaos,US,ready,"Urban Chaos (USA) (En,Fr)",urbanchaos,v247.vmi
t8110n,Vanishing Point,US,ready,Vanishing Point (USA),vanishpoint,v10038.vmi
t5302m,Vermilion Desert,JP,ready,Vermilion Desert (Japan),vermilion,00001212.VMI
t13002n,Vigilante 8: 2nd Offense,US,ready,Vigilante 8 - 2nd Offense (USA),vigilante8,v69901.vmi
mk5109450,Virtua Athlete 2K,EU,ready,"Virtua Athlete 2K (Europe) (En,Fr,De,Es)",virtuaathlete,v1963.vmi
hdr0061,Virtua Cop 2,JP,ready,Virtua Cop 2 (Japan),virtuacop2,v59185.vmi
51001,Virtua Fighter 3tb,US,ready,Virtua Fighter 3tb,vf,v57870.vmi
51028,Virtua Striker 2,US,ready,"Virtua Striker 2 (USA) (En,Ja,De,Es)",virtuastriker,v21388.vmi
51054,Virtua Tennis,US,ready,Virtua Tennis,virtuatennis,v6482.vmi
51186,Virtua Tennis 2 (Tennis 2K2),US,ready,Virtua Tennis 2 (Tennis 2K2),virtuatennis2,TENN2K2.VMI
t13004n,Virtual-On: Oratorio Tangram,US,needs review,Virtual-On: Oratorio Tangram,virtualon,v1971.vmi+v39368.vmi+v8748.vmi
minigames01,VMU minigames 01: Homebrew & fan minigames,-,ready,(not a disc: standalone VMU minigame collection),minigames,ZUQIU.VMI+ALNFIGHT.VMI
minigames02,VMU minigames 02: Homebrew & fan minigames,-,ready,(not a disc: standalone VMU minigame collection),minigames,PACMAN.VMI+GLUCKY.VMI+TOKYOCAR.VMI+BREAKOUT.VMI
minigames03,VMU minigames 03: Homebrew & fan minigames,-,ready,(not a disc: standalone VMU minigame collection),minigames,FSKATER.VMI+CHAO2.VMI+DRACER.VMI+FROG.VMI+FATRAIN.VMI
minigames04,VMU minigames 04: Homebrew & fan minigames,-,ready,(not a disc: standalone VMU minigame collection),minigames,MINICLOC.VMI+4WINS.VMI+PAPER.VMI+SNAKY.VMI+CHAOEDIT.VMI+SWAMPY.VMI+JOJO.VMI+VISION1.VMI+IDOUDO.VMI+MINE.VMI+SI.VMI+SKETCH.VMI
minigames05,VMU minigames 05: Homebrew & fan minigames,-,ready,(not a disc: standalone VMU minigame collection),minigames,SOUND.VMI+PSOID.VMI+LOGIC.VMI+SLIDEPUZ.VMI+TETRIS.VMI+PSOPUZZL.VMI
minigames06,VMU minigames 06: Official / publisher minigames,-,ready,(not a disc: standalone VMU minigame collection),minigames,POWERSTN.VMI+4007.VMI
minigames07,VMU minigames 07: Official / publisher minigames,-,ready,(not a disc: standalone VMU minigame collection),minigames,4004.VMI+POPMUSI2.VMI
minigames08,VMU minigames 08: Official / publisher minigames,-,ready,(not a disc: standalone VMU minigame collection),minigames,4008.VMI+POPMUSI3.VMI
minigames09,VMU minigames 09: Official / publisher minigames,-,ready,(not a disc: standalone VMU minigame collection),minigames,GODZILLA.VMI+POPMUSI1.VMI
minigames10,VMU minigames 10: Official / publisher minigames,-,ready,(not a disc: standalone VMU minigame collection),minigames,VMFL_073.VMI+4001.VMI
minigames11,VMU minigames 11: Official / publisher minigames,-,ready,(not a disc: standalone VMU minigame collection),minigames,VMFL_081.VMI+SCCBRK.VMI
minigames12,VMU minigames 12: Official / publisher minigames,-,ready,(not a disc: standalone VMU minigame collection),minigames,VMFL_084.VMI
minigames13,VMU minigames 13: Official / publisher minigames,-,ready,(not a disc: standalone VMU minigame collection),minigames,KITTYCAT.VMI+PQ_NTSC.VMI
minigames14,VMU minigames 14: Official / publisher minigames,-,ready,(not a disc: standalone VMU minigame collection),minigames,SOUL2ADV.VMI+SCALIBU.VMI
minigames15,VMU minigames 15: Official / publisher minigames,-,ready,(not a disc: standalone VMU minigame collection),minigames,PQ_PAL.VMI
minigames16,VMU minigames 16: Official / publisher minigames,-,ready,(not a disc: standalone VMU minigame collection),minigames,SOAMINI.VMI
minigames17,VMU minigames 17: Animations & music videos,-,ready,(not a disc: standalone VMU minigame collection),minigames,DANGELO.VMI+00006003.VMI+VMWBP.VMI
minigames18,VMU minigames 18: Animations & music videos,-,ready,(not a disc: standalone VMU minigame collection),minigames,PROMO.VMI+00003831.VMI+GREY.VMI
minigames19,VMU minigames 19: Animations & music videos,-,ready,(not a disc: standalone VMU minigame collection),minigames,FASTFURI.VMI+E0.VMI
minigames20,VMU minigames 20: Animations & music videos,-,ready,(not a disc: standalone VMU minigame collection),minigames,MATRXRLD.VMI+CIRCLES.VMI+00001870.VMI
minigames21,VMU minigames 21: Animations & music videos,-,ready,(not a disc: standalone VMU minigame collection),minigames,RISE.VMI+00004276.VMI
minigames22,VMU minigames 22: Animations & music videos,-,ready,(not a disc: standalone VMU minigame collection),minigames,00003096.VMI+MICHAEL.VMI
minigames23,VMU minigames 23: Animations & music videos,-,ready,(not a disc: standalone VMU minigame collection),minigames,00004271.VMI
minigames24,VMU minigames 24: Animations & music videos,-,ready,(not a disc: standalone VMU minigame collection),minigames,00003910.VMI
minigames25,VMU minigames 25: Animations & music videos,-,ready,(not a disc: standalone VMU minigame collection),minigames,00003291.VMI
minigames26,VMU minigames 26: Animations & music videos,-,ready,(not a disc: standalone VMU minigame collection),minigames,00004662.VMI
t15113n,Wacky Races,US,ready,Wacky Races (USA),wackyraces,v76433.vmi
t8111n,Wetrix+,US,ready,Wetrix+ (USA),wetrix,v39228.vmi
t42101n,Wild Metal,US,ready,"Wild Metal (USA) (En,Fr,De,Es,It,Pt)",wildmetal,v56159.vmi
51055,World Series Baseball 2K1,US,ready,World Series Baseball 2K1 (USA),baseball2k1,v54876.vmi
51152,World Series Baseball 2K2,US,ready,World Series Baseball 2K2 (USA),baseball2k2,v95783.vmi
t40601n,Worms Armageddon,US,ready,"Worms Armageddon (USA) (En,Fr,De,Nl,Sv,No,Da)",worm,v54621.vmi
t22904n,Worms World Party,US,ready,"Worms World Party (USA) (En,Fr,De,Es,It,Nl,Sv,Da)",wormparty,v66120.vmi
t8103n,WWF Attitude,US,ready,WWF Attitude (USA),wwfattitude,00000855.vmi
t10005n,WWF Royal Rumble,US,ready,WWF Royal Rumble (USA),wwfrumble,v31180.vmi
t15126n,Xtreme Sports,US,needs review,Xtreme Sports (USA),xsports,v37050.vmi
t20401m,Zero Gunner 2,JP,ready,Zero Gunner 2 (Japan),zerogun2,zerogun2.VMI
51038,Zombie Revenge,US,ready,Zombie Revenge (USA),zombie,ZOMBIERE.VMI
t43301m,Zusar Vasar,JP,ready,"Zusar Vasar (Japan) (En,Ja)",zusarvasar,00000945.VMI
