game,product_id,region,source_path,source_url,creator,description,original_vmi,original_vms,format,archive_filename,vmi_vms_blocks
Power Stone,T-1201N,US,src/powerstone/v27222.vmi,https://github.com/bucanero/dreamcast-saves/blob/master/powerstone/v27222.VMS,Master fighter,"Unlocked everything. All character and weapons, unlocked gallery and music hall.",v27222.vmi,v27222.VMS,"VMI+VMS (single save, wrapped into 128KB card)",POWSTONE_DAT,4
Power Stone 2,T-1211N,US,src/powerstone2/v67990.vmi,https://github.com/bucanero/dreamcast-saves/blob/master/powerstone2/v67990.VMS,(HR)WilSin,Every single thing unlocked all three extra boards all characters all items all essence and material.,v67990.vmi,v67990.VMS,"VMI+VMS (single save, wrapped into 128KB card)",P_STONE2_DAT,5
Soulcalibur,T-1401N,US,src/soulcalibur/v27888.vmi,https://github.com/bucanero/dreamcast-saves/blob/master/soulcalibur/v27888.VMS,CHARLY BROWN ( GDL ),"Personajes secretos, todos los ecenarios, todas las katas, todos los trajes, todas las armas, personajes metalicos...! estan esperandote !comentarios: tortugax69@hotmail.com",v27888.vmi,v27888.VMS,"VMI+VMS (single save, wrapped into 128KB card)",SCALIBUR_MBU,12
Marvel vs. Capcom,T-1202N,US,src/marvelcapcom/v4581.vmi,https://github.com/bucanero/dreamcast-saves/blob/master/marvelcapcom/v4581.VMS,Ron Morris,"Complete, perfect save with all secret characters, Onslaught mode, and the best control options.",v4581.vmi,v4581.VMS,"VMI+VMS (single save, wrapped into 128KB card)",MVLVSCAP_DAT,5
Marvel vs. Capcom 2,T-1212N,US,src/marvelcapcom2/v90768.vmi,https://github.com/bucanero/dreamcast-saves/blob/master/marvelcapcom2/v90768.VMS,gReg,"Awesome Save w/ 56 characters, 56 NEW COLORS, 7 New stages, EXP. LEVEL 99! 3x same character!! (example: 3 Ryus) Everything you need!",v90768.vmi,v90768.VMS,"VMI+VMS (single save, wrapped into 128KB card)",MVLVSCP2_SYS,5
Capcom vs. SNK: Millennium Fight 2000,T-1218N,US,src/capcomsnk/v47663.vmi,https://github.com/bucanero/dreamcast-saves/blob/master/capcomsnk/v47663.VMS,"""The Reverend"" Ash Maurice Cairo","All options unlocked, including Blood Riot Iori, Evil Ryu, Morrigan, Akuma and more! This game save is for use for the American release of Capcom vs. SNK",v47663.vmi,v47663.VMS,"VMI+VMS (single save, wrapped into 128KB card)",VS.SNKMF_SYS,9
Capcom vs. SNK 2,T-1249M,JP,src/capcomsnk2/v7082.vmi,https://github.com/bucanero/dreamcast-saves/blob/master/capcomsnk2/v7082.VMS,"Fractucello, Nilson","Jogo 100% completo. Todos os lutadores, arenas, roupas extras e imagens.  Um alo para toda a galera da FFS Arte Formulas e para o Feno. Falooooouuuuu!!!!",v7082.vmi,v7082.VMS,"VMI+VMS (single save, wrapped into 128KB card)",CVS.S2___SYS,12
Street Fighter III: Double Impact,T-1210N,US,src/streetfight3di/v50554.vmi,https://github.com/bucanero/dreamcast-saves/blob/master/streetfight3di/v50554.VMS,Felipe Callori,"Everything opened, extra options, Shin Gouki, Gill and records at parryng attack!!!",v50554.vmi,v50554.VMS,"VMI+VMS (single save, wrapped into 128KB card)",STF3_D_I.DAT,4
Street Fighter III: 3rd Strike,T-1213N,US,src/streetfight3rd/v37955.vmi,https://github.com/bucanero/dreamcast-saves/blob/master/streetfight3rd/v37955.VMS,Nelson Algarin.PUERTO RICO,ALL SECRETS OPEN & CHARACTERS.THIS FILE ONLY FOR U.S.A.,v37955.vmi,v37955.VMS,"VMI+VMS (single save, wrapped into 128KB card)",STF3_3RD.SYS,3
Street Fighter Alpha 3,T-1203N,US,src/streetfighter3/v77348.vmi,https://github.com/bucanero/dreamcast-saves/blob/master/streetfighter3/v77348.VMS,Nelson Algarin.PUERTO RICO,SECRET CHARACTERS IN LEVEL 32 + SUPER BISON (HOLD START IN M.BISON & ANY BOTTON).,v77348.vmi,v77348.VMS,"VMI+VMS (single save, wrapped into 128KB card)",SFALPHA3.SYS,24
Street Fighter Alpha 3,T-1203N,US,src/streetfighter3/v32793.vmi,https://github.com/bucanero/dreamcast-saves/blob/master/streetfighter3/v32793.VMS,ASEKE,"Zangief,EvilRyu,FeyLong,Ken,Sagat,ShinAkuma All level32. Select Sodom hold sart and select X~ISM for use Sodom with katanas.",v32793.vmi,v32793.VMS,"VMI+VMS (single save, wrapped into 128KB card)",SFALPHA3.WTR,13
Dead or Alive 2,T-3601N,US,src/doa2/v53357.vmi,https://github.com/bucanero/dreamcast-saves/blob/master/doa2/v53357.VMS,Dorian,Uncut intro and all secrets unlocked.,v53357.vmi,v53357.VMS,"VMI+VMS (single save, wrapped into 128KB card)",DEADORALIVE2,7
Virtua Fighter 3tb,51001,US,src/vf/v57870.vmi,https://github.com/bucanero/dreamcast-saves/blob/master/vf/v57870.VMS,Keenan Williams,Ending movie unlocked plus unbeatablerecords.VF 4 life,v57870.vmi,v57870.VMS,"VMI+VMS (single save, wrapped into 128KB card)",VF3TB0000000,12
Project Justice,T-1219N,US,src/projectjustice/schoolus.VMI,https://github.com/bucanero/dreamcast-saves/blob/master/projectjustice/schoolus.VMS,,US Save! All Open!,schoolus.VMI,schoolus.VMS,"VMI+VMS (single save, wrapped into 128KB card)",PJUSTICE_SYS,2
Plasma Sword,T-1207N,US,src/plasmasword/v78823.vmi,https://github.com/bucanero/dreamcast-saves/blob/master/plasmasword/v78823.VMS,Santos Barron,"Has Rai-on,and Kaede unlocked!!",v78823.vmi,v78823.VMS,"VMI+VMS (single save, wrapped into 128KB card)",PLASMA_SWORD,6
JoJo's Bizarre Adventure,T-1206N,US,src/jojo/v11766.vmi,https://github.com/bucanero/dreamcast-saves/blob/master/jojo/v11766.VMS,adam,Everything unlocked!,v11766.vmi,v11766.VMS,"VMI+VMS (single save, wrapped into 128KB card)",JOJO_ADV_SYS,4
Tech Romancer,T-1208N,US,src/techromancer/v75767.vmi,https://github.com/bucanero/dreamcast-saves/blob/master/techromancer/v75767.VMS,ED CABILES,EVERYTHING UNLOCKED,v75767.vmi,v75767.VMS,"VMI+VMS (single save, wrapped into 128KB card)",ROMANCER_DAT,3
The King of Fighters: Dream Match 1999,T-3101N,US,src/kof99dm/v93429.vmi,https://github.com/bucanero/dreamcast-saves/blob/master/kof99dm/v93429.VMS,MARTY,play as evel rugal. secrets photos greates scores and more.,v93429.vmi,v93429.VMS,"VMI+VMS (single save, wrapped into 128KB card)",KOF_1999.DAT,7
The Last Blade 2,T-44305N,US,src/lastblade2/v35892.vmi,https://github.com/bucanero/dreamcast-saves/blob/master/lastblade2/v35892.VMS,D.N.,"This save has all secrets like all of the endings. This is not the import version, it's U.S. version.",v35892.vmi,v35892.VMS,"VMI+VMS (single save, wrapped into 128KB card)",GEKKANOKENSI,3
Mortal Kombat Gold,T-9701N,US,src/mkg/v23409.vmi,https://github.com/bucanero/dreamcast-saves/blob/master/mkg/v23409.VMS,Leroy Brathwaite,"Every thing is unlocked finishing moves can be done with a press of a botton, and all ending movies are unlocked in theater mode enjoy!!!",v23409.vmi,v23409.VMS,"VMI+VMS (single save, wrapped into 128KB card)",MKGOLD___SYS,5
Garou: Mark of the Wolves,T-3108M,JP,src/garou/garou1.VMI,https://github.com/bucanero/dreamcast-saves/blob/master/garou/garou1.VMS,,Gallery 100% Unlocked,garou1.VMI,garou1.VMS,"VMI+VMS (single save, wrapped into 128KB card)",GAROU_MOW000,4
Garou: Mark of the Wolves,T-47302M,JP,src/garou/garou1.VMI,https://github.com/bucanero/dreamcast-saves/blob/master/garou/garou1.VMS,,Gallery 100% Unlocked,garou1.VMI,garou1.VMS,"VMI+VMS (single save, wrapped into 128KB card)",GAROU_MOW000,4
Guilty Gear X,T-2401M,JP,src/guiltygearx/v55699.vmi,https://github.com/bucanero/dreamcast-saves/blob/master/guiltygearx/v55699.VMS,carlos eduardo thompson,[Japanese]  Everything unlocked Characters GGMode gold and Shadow colors for gold press Y for the hard to obtain shadow color press start to get this you have to beat survival mode in under 10minites if you wish to do it your self but,v55699.vmi,v55699.VMS,"VMI+VMS (single save, wrapped into 128KB card)",DCGUILTY.DAT,10
Guilty Gear X,T-2402M,JP,src/guiltygearx/v55699.vmi,https://github.com/bucanero/dreamcast-saves/blob/master/guiltygearx/v55699.VMS,carlos eduardo thompson,[Japanese]  Everything unlocked Characters GGMode gold and Shadow colors for gold press Y for the hard to obtain shadow color press start to get this you have to beat survival mode in under 10minites if you wish to do it your self but,v55699.vmi,v55699.VMS,"VMI+VMS (single save, wrapped into 128KB card)",DCGUILTY.DAT,10
The King of Fighters: Evolution,T-44302N,US,src/kof99evo/v62523.vmi,https://github.com/bucanero/dreamcast-saves/blob/master/kof99evo/v62523.VMS,EVIL_KEN,"You'll have verything you can get in this game (all straikers, characters, and full straikers levels).",v62523.vmi,v62523.VMS,"VMI+VMS (single save, wrapped into 128KB card)",KOF_EVOL.SYS,7
The King of Fighters 2000,T-47303M,JP,src/kof2000/KOF_2000.VMI,https://github.com/bucanero/dreamcast-saves/blob/master/kof2000/KOF_2000.VMS,,Puzzle Mode & All Gallery Unlocked,KOF_2000.VMI,KOF_2000.VMS,"VMI+VMS (single save, wrapped into 128KB card)",KOF2000_0000,4
The King of Fighters 2001,T-47304M,JP,src/kof2001/KOF_2001.VMI,https://github.com/bucanero/dreamcast-saves/blob/master/kof2001/KOF_2001.VMS,,Puzzle Mode & All Gallery Unlocked,KOF_2001.VMI,KOF_2001.VMS,"VMI+VMS (single save, wrapped into 128KB card)",KOF2001_0000,7
The King of Fighters 2002,T-47305M,JP,src/kof2002/KOF_2002.VMI,https://github.com/bucanero/dreamcast-saves/blob/master/kof2002/KOF_2002.VMS,,Everything Unlocked,KOF_2002.VMI,KOF_2002.VMS,"VMI+VMS (single save, wrapped into 128KB card)",KOF2002_0000,7
Fighting Vipers 2,MK-51154-50,EU,src/fightvip2/f_snake2.VMI,https://github.com/bucanero/dreamcast-saves/blob/master/fightvip2/f_snake2.VMS,,Best Save! Everything Unlocked!,f_snake2.VMI,f_snake2.VMS,"VMI+VMS (single save, wrapped into 128KB card)",FIGHTINGVPS2,11
Super Street Fighter II X for Matching Service,T-1236M,JP,src/ssf2x/SSF2X.VMI,https://github.com/bucanero/dreamcast-saves/blob/master/ssf2x/SSF2X.VMS,,"Everything unlocked, including DIP Switch Menu!",SSF2X.VMI,SSF2X.VMS,"VMI+VMS (single save, wrapped into 128KB card)",SSF2X___.SYS,3
Psychic Force 2012,T-31101N,US,src/psychicforce/v27440.vmi,https://github.com/bucanero/dreamcast-saves/blob/master/psychicforce/v27440.VMS,Kulmuras,Everything Unlocked!!Keith Burn Wong and all of Emilio's costumesEvery stage unlocked including psychic zone,v27440.vmi,v27440.VMS,"VMI+VMS (single save, wrapped into 128KB card)",PSYCHIC_2012,9
Ultimate Fighting Championship,T-40204N,US,src/ufc/v13438.vmi,https://github.com/bucanero/dreamcast-saves/blob/master/ufc/v13438.VMS,TOK,Everyone will love this save I got. All gold belts and every secret.,v13438.vmi,v13438.VMS,"VMI+VMS (single save, wrapped into 128KB card)",ULTIMATE.SYS,4
Ultimate Fighting Championship,T-40204N,US,src/ufc/v67002.vmi,https://github.com/bucanero/dreamcast-saves/blob/master/ufc/v67002.VMS,KRISTOS,"COMPLETELY FINISHED! EVERY FIGHTER HAS A SILVER & GOLD BELT. EVERY HIDDEN FIGHTER UNLOCKED. EVERY FIGHTING STYLE, NICKNAME, AND LOCATION UNLOCKED. ALSO, SOME CREATED FIGHTERS WITH MAXED-OUT SKILL POINTS!",v67002.vmi,v67002.VMS,"VMI+VMS (single save, wrapped into 128KB card)",ULTIMATE.EDT,8
Spawn: In the Demon's Hand,T-1216N,US,src/spawn/v13340.vmi,https://github.com/bucanero/dreamcast-saves/blob/master/spawn/v13340.VMS,Tha Chef,[USA] Everything unlocked!!!!,v13340.vmi,v13340.VMS,"VMI+VMS (single save, wrapped into 128KB card)",SPAWNTDH.SYS,2
Virtual-On: Oratorio Tangram,T-13004N,US,src/virtualon/v1971.vmi,https://github.com/bucanero/dreamcast-saves/blob/master/virtualon/v1971.VMS,Gr8 Muta,Everything unlocked!,v1971.vmi,v1971.VMS,"VMI+VMS (single save, wrapped into 128KB card)",VOORATAN.SYS,4
Kidou Senshi Gundam: Renpou vs. Zeon & DX,T-13306M,JP,src/gundamrvz/gundadx1.VMI,https://github.com/bucanero/dreamcast-saves/blob/master/gundamrvz/gundadx1.VMS,,Disc1 Clear Once!,gundadx1.VMI,gundadx1.VMS,"VMI+VMS (single save, wrapped into 128KB card)",GUNDAM___SYS,3
Kidou Senshi Gundam: Renpou vs. Zeon & DX,T-13306M,JP,src/gundamrvz/gundadx2.VMI,https://github.com/bucanero/dreamcast-saves/blob/master/gundamrvz/gundadx2.VMS,,Disc2 Have All MS!,gundadx2.VMI,gundadx2.VMS,"VMI+VMS (single save, wrapped into 128KB card)",GUNDAMDX_SYS,4
Virtua Tennis,51054,US,src/virtuatennis/v6482.vmi,https://github.com/bucanero/dreamcast-saves/blob/master/virtuatennis/v6482.VMS,Anthony Badajos from Guam,Everything completed! Also try and beat my score. This file was not modified/hacked.,v6482.vmi,v6482.VMS,"VMI+VMS (single save, wrapped into 128KB card)",VIRTUATENNIS,2
Virtua Tennis 2 (Tennis 2K2),51186,US,src/virtuatennis2/TENN2K2.VMI,https://github.com/bucanero/dreamcast-saves/blob/master/virtuatennis2/TENN2K2.VMS,,All unlocked. (USA),TENN2K2.VMI,TENN2K2.VMS,"VMI+VMS (single save, wrapped into 128KB card)",TENNIS_2K2__,4
