archive_dir,title,region,product_ids,mapping
powerstone,Power Stone,US,T-1201N,"mapped (manual, Redump serial)"
powerstone2,Power Stone 2,US,T-1211N,"mapped (manual, Redump serial)"
soulcalibur,Soulcalibur,US,T-1401N,"mapped (manual, Redump serial)"
marvelcapcom,Marvel vs. Capcom,US,T-1202N,"mapped (manual, Redump serial)"
marvelcapcom2,Marvel vs. Capcom 2,US,T-1212N,"mapped (manual, Redump serial)"
capcomsnk,Capcom vs. SNK: Millennium Fight 2000,US,T-1218N,"mapped (manual, Redump serial)"
capcomsnk2,Capcom vs. SNK 2,JP,T-1249M,"mapped (manual, Redump serial)"
streetfight3di,Street Fighter III: Double Impact,US,T-1210N,"mapped (manual, Redump serial)"
streetfight3rd,Street Fighter III: 3rd Strike,US,T-1213N,"mapped (manual, Redump serial)"
streetfighter3,Street Fighter Alpha 3,US,T-1203N,"mapped (manual, Redump serial)"
doa2,Dead or Alive 2,US,T-3601N,"mapped (manual, Redump serial)"
vf,Virtua Fighter 3tb,US,51001,"mapped (manual, Redump serial)"
projectjustice,Project Justice,US,T-1219N,"mapped (manual, Redump serial)"
plasmasword,Plasma Sword,US,T-1207N,"mapped (manual, Redump serial)"
jojo,JoJo's Bizarre Adventure,US,T-1206N,"mapped (manual, Redump serial)"
techromancer,Tech Romancer,US,T-1208N,"mapped (manual, Redump serial)"
kof99dm,The King of Fighters: Dream Match 1999,US,T-3101N,"mapped (manual, Redump serial)"
lastblade2,The Last Blade 2,US,T-44305N,"mapped (manual, Redump serial)"
mkg,Mortal Kombat Gold,US,T-9701N,"mapped (manual, Redump serial)"
garou,Garou: Mark of the Wolves,JP,T-3108M / T-47302M,"mapped (manual, Redump serial)"
guiltygearx,Guilty Gear X,JP,T-2401M / T-2402M,"mapped (manual, Redump serial)"
kof99evo,The King of Fighters: Evolution,US,T-44302N,"mapped (manual, Redump serial)"
kof2000,The King of Fighters 2000,JP,T-47303M,"mapped (manual, Redump serial)"
kof2001,The King of Fighters 2001,JP,T-47304M,"mapped (manual, Redump serial)"
kof2002,The King of Fighters 2002,JP,T-47305M,"mapped (manual, Redump serial)"
fightvip2,Fighting Vipers 2,EU,MK-51154-50,"mapped (manual, Redump serial)"
ssf2x,Super Street Fighter II X for Matching Service,JP,T-1236M,"mapped (manual, Redump serial)"
psychicforce,Psychic Force 2012,US,T-31101N,"mapped (manual, Redump serial)"
ufc,Ultimate Fighting Championship,US,T-40204N,"mapped (manual, Redump serial)"
spawn,Spawn: In the Demon's Hand,US,T-1216N,"mapped (manual, Redump serial)"
virtualon,Virtual-On: Oratorio Tangram,US,T-13004N,"mapped (manual, Redump serial)"
gundamrvz,Kidou Senshi Gundam: Renpou vs. Zeon & DX,JP,T-13306M,"mapped (manual, Redump serial)"
