game,archive_dir,vmi,vms,archive_filename,description,reason not on a card
Skies of Arcadia,arcadia,ARCAEX01.VMI,ARCAEX01.VMS,E.ARCADIAD01,Offical Download Save 1 (Japan version),download save for a different region than the card
Skies of Arcadia,arcadia,ARCAEX02.VMI,ARCAEX02.VMS,E.ARCADIAD02,Offical Download Save 2 (Japan version),download save for a different region than the card
Skies of Arcadia,arcadia,ARCAEX03.VMI,ARCAEX03.VMS,E.ARCADIAD03,Offical Download Save 3 (Japan version),download save for a different region than the card
Skies of Arcadia,arcadia,DC38A.VMI,DC38A.VMS,ARCADIA_ED01,Offical Download Save (Sega Europe / PAL version),download save for a different region than the card
Skies of Arcadia,arcadia,DC38B.VMI,DC38B.VMS,ARCADIA_ED02,Offical Download Save (Sega Europe / PAL version),download save for a different region than the card
Skies of Arcadia,arcadia,DC38C.VMI,DC38C.VMS,ARCADIA_ED03,Offical Download Save (Sega Europe / PAL version),download save for a different region than the card
Capcom Vs SNK 2,capcomsnk2,cvs2rep7.VMI,cvs2rep7.VMS,CVS.S2___RD0,Iori 30hit combo Replay Save!,combo/replay save that did not fit on the card or clashes with a filename already on it
Capcom Vs SNK 2,capcomsnk2,cvs2rex2.VMI,cvs2rex2.VMS,CVS.S2___RD9,Rock 18hit combo Replay Save!,combo/replay save that did not fit on the card or clashes with a filename already on it
Dream Passport 3,dp3,DP3__S68.VMI,DP3__S68.VMS,PASSPORT.S68,Super BookMark.Incloud Most Chinese sites!,"browser/ISP data: dead-site bookmarks and settings, not game data"
Dream Passport 3,dp3,DP3__SBK.VMI,DP3__SBK.VMS,PASSPORT.SBK,Super BookMark.DC Saves Bank Personal Version.,"browser/ISP data: dead-site bookmarks and settings, not game data"
Dream Passport 3,dp3,DP3__SRM.VMI,DP3__SRM.VMS,PASSPORT.SRM,Super BookMark.VMU File Renamer Personal Version.,"browser/ISP data: dead-site bookmarks and settings, not game data"
Dream Passport 3,dp3,DP3__SFT.VMI,DP3__SFT.VMS,PASSPORT.SFT,Super BookMark.FTP Server Quick Login.,"browser/ISP data: dead-site bookmarks and settings, not game data"
Dream Passport 3,dp3,DP3__SCH.VMI,DP3__SCH.VMS,PASSPORT.SCH,"Super BookMark.Allows you to use Ch@b Menu, even if some InGameDP3 cant use Ch@b Menu!","browser/ISP data: dead-site bookmarks and settings, not game data"
Dream Passport 3,dp3,DP3__STV.VMI,DP3__STV.VMS,PASSPORT.STV,Super BookMark.Text to Voice!,"browser/ISP data: dead-site bookmarks and settings, not game data"
Dream Passport 3,dp3,DP3__SYH.VMI,DP3__SYH.VMS,PASSPORT.SYH,Super BookMark.Yahoo Quick Search!,"browser/ISP data: dead-site bookmarks and settings, not game data"
Dream Passport 3,dp3,DP3__MOP.VMI,DP3__MOP.VMS,PASSPORT.C00,Mopsite.com IRC chat Server!,"browser/ISP data: dead-site bookmarks and settings, not game data"
Dream Passport 3,dp3,DP3__SYS.VMI,DP3__SYS.VMS,PASSPORT.SY3,Personal System Sate!,"browser/ISP data: dead-site bookmarks and settings, not game data"
GameShark CDX,gscdx,GSHARK.VMI,GSHARK.VMS,ICONDATA_VMS,Game Shark VMU icon.,extra icon variant: one icon per game is already included where the game has a card
Sega Sports NFL 2K1,nfl2k1,v46082.vmi,v46082.VMS,roster.upd,"Pittsburg Steelers w/ my tribute to sega. Team made of progammers from AM2, including yuji naka! Very fast team. Also play my version of (spring right option) it kicks @ speaking of @ss! (MY@SS) is the tight end on the right. He's the 6 point",alternative roster update; one is included per game
Sega Sports NFL 2K1,nfl2k1,v17551.vmi,v17551.VMS,roster.upd,NFL2K1 updated rosters. 10/10/00,alternative roster update; one is included per game
Phantasy Star Online,pso,PSO_D1J.VMI,PSO_D1J.VMS,PSO______004,DOWNLOAD SAVE FILE 1 JAP,download/extra that did not fit on the game card or clashes with a filename already on it
Phantasy Star Online,pso,PSO_D2J.VMI,PSO_D2J.VMS,PSO______005,DOWNLOAD SAVE FILE 2 JAP,download/extra that did not fit on the game card or clashes with a filename already on it
Phantasy Star Online Version 2,pso2,v8262.vmi,v8262.VMS,FCDCHEATS,"Really Cool! lol j/k Lvl 200 999999 mesta in bank and on you.Every Weapon S-rank,Rare,Mags,Armor,Sheilds etc. All Areas open offline but you dont have caves. you like this save mail me.","cheat-device code save not included (duplicate filename on a card already present, or no matching game)"
Planetweb Dreamcast Browser 3.0,pwbrowser,v99959.vmi,v99959.VMS,PW_BOOKMARKS,Aqui tem sites pra voceis queimarem os dedos de tanto viaja e tbm tem o meu SOLRAC2de dowload agora,"browser/ISP data: dead-site bookmarks and settings, not game data"
Planetweb Dreamcast Browser 3.0,pwbrowser,v23844.vmi,v23844.VMS,PW_BOOKMARKS,ESTOU GUARDANDO MEUS SITES.GERECO O MAIOR.,"browser/ISP data: dead-site bookmarks and settings, not game data"
Planetweb Dreamcast Browser 3.0,pwbrowser,v11808.vmi,v11808.VMS,PW_BOOKMARKS,lo mejor en direcciones no te lo puedes perder cargala aque si podras chatear,"browser/ISP data: dead-site bookmarks and settings, not game data"
Planetweb Dreamcast Browser 3.0,pwbrowser,v56037.vmi,v56037.VMS,PW_BOOKMARKS,"Here is a bookmarks file for use with curtis' 4 uplaods. If you already have a bookmarks file: Choose ""merge""","browser/ISP data: dead-site bookmarks and settings, not game data"
Planetweb Dreamcast Browser 3.0,pwbrowser,v94292.vmi,v94292.VMS,PW_BOOKMARKS,varios sites pra racha o cu de tanto acessa,"browser/ISP data: dead-site bookmarks and settings, not game data"
Planetweb Dreamcast Browser 3.0,pwbrowser,v36552.vmi,v36552.VMS,PW_BOOKMARKS,la mas detallada buskeda de informacion en tu vmu,"browser/ISP data: dead-site bookmarks and settings, not game data"
Planetweb Dreamcast Browser 3.0,pwbrowser,v86027.vmi,v86027.VMS,PW_BOOKMARKS,links para uso vai facilitarsua navegacao.,"browser/ISP data: dead-site bookmarks and settings, not game data"
Planetweb Dreamcast Browser 3.0,pwbrowser,v74890.vmi,v74890.VMS,PW_BOOKMARKS,these r mine favorite sites,"browser/ISP data: dead-site bookmarks and settings, not game data"
Planetweb Dreamcast Browser 3.0,pwbrowser,v44548.vmi,v44548.VMS,DREAMCE1.CAL,"This is a Javascript based Calculator/Note Pad foe taking quick notes,and making quick calculations. It loads from the dreamcast vmu with the following command typed in the planetweb urlbar(please remove http://)x-avefront://---.dream/vms/load/","browser/ISP data: dead-site bookmarks and settings, not game data"
Planetweb Dreamcast Browser 3.0,pwbrowser,v64355.vmi,v64355.VMS,PASSPORT.M94,"Custom Google Search Engine Loaded From The Vmuto load remove http:// from the planetweb urlbar,then type x-avefront://---.dream/vms/load/PASSPORT.M94 after the page is loaded to the screen,open the bookmarks and save the resulting page for fut","browser/ISP data: dead-site bookmarks and settings, not game data"
Planetweb Dreamcast Browser 3.0,pwbrowser,v12730.vmi,v12730.VMS,PASSPORT.M02,"VMS FTP: Use When tools.planetweb.com is down for repairs,etc.To use this file:type x-avefront://---.dream/vms/load/PASSPORT.M02 in your planetweb urlbar(be sure to remove the http://) once the file loads to the screen save that page in the boo","browser/ISP data: dead-site bookmarks and settings, not game data"
Sega Swirl,sega_swirl,SWIRL.VMI,SWIRL.VMS,ICONDATA_VMS,SEGA Swirl VMU icon.,extra icon variant: one icon per game is already included where the game has a card
Sonic Adventure,sonic,v66957.vmi,v66957.VMS,ICONDATA_VMS,A Sonic picture on your VMU.,extra icon variant: one icon per game is already included where the game has a card
Sonic Adventure 2,sonic2,DOWN001.VMI,DOWN001.VMS,SONIC2___D01,Kart Download File,download save for a different region than the card
