game,folder,product_id,region,save_chosen,completion,source,creator,status,notes
Power Stone,T1201N,T-1201N,US,v27222.vmi,"Full: all characters/weapons, gallery, music hall",bucanero/dreamcast-saves/powerstone,Master fighter,ready,"Filename POWSTONE_DAT is shared by all archive saves; not labelled by region. Equal alternates: v83943, v62607, PSTONE1 | card: POWSTONE_DAT(4blk), 196 blocks free, 131072 bytes"
Power Stone 2,T1211N,T-1211N,US,v67990.vmi,"Full: all chars, items, 3 extra boards, essence/materials",bucanero/dreamcast-saves/powerstone2,(HR)WilSin,ready,"All archive saves share filename P_STONE2_DAT (incl. ones tagged Japanese), so region-agnostic | card: P_STONE2_DAT(5blk), 195 blocks free, 131072 bytes"
Soulcalibur,T1401N,T-1401N,US,v27888.vmi,"Full: secret chars, stages, katas, costumes, weapons, metallic fighters",bucanero/dreamcast-saves/soulcalibur,CHARLY BROWN ( GDL ),ready,"US save name SCALIBUR_MBU. v63274 (EU, MBE) is described as more complete but will not load in US | card: SCALIBUR_MBU(12blk), 188 blocks free, 131072 bytes"
Marvel vs. Capcom,T1202N,T-1202N,US,v4581.vmi,"Full: all secret chars, Onslaught, best control options",bucanero/dreamcast-saves/marvelcapcom,Ron Morris,ready,"Shared filename MVLVSCAP_DAT across archive saves | card: MVLVSCAP_DAT(5blk), 195 blocks free, 131072 bytes"
Marvel vs. Capcom 2,T1212N,T-1212N,US,v90768.vmi,"Full: 56 chars, 56 colours, 7 stages, EXP lvl 99, 3x same char",bucanero/dreamcast-saves/marvelcapcom2,gReg,ready,"US save name MVLVSCP2_SYS (JP is MVLVS.C2_SYS). Edited save; unhacked alternate v94837 | card: MVLVSCP2_SYS(5blk), 195 blocks free, 131072 bytes"
Capcom vs. SNK: Millennium Fight 2000,T1218N,T-1218N,US,v47663.vmi,"Full: all options, secret chars incl. Evil Ryu/Akuma/Morrigan/Blood Riot Iori",bucanero/dreamcast-saves/capcomsnk,"""The Reverend"" Ash Maurice Cairo",needs review,"US filename VS.SNKMF_SYS inferred from archive description (""for the American release"") vs JP CAPVSSNK_SYS; not hardware-verified. Alt 100% saves: v90895, v27880 | card: VS.SNKMF_SYS(9blk), 191 blocks free, 131072 bytes"
Capcom vs. SNK 2,T1249M,T-1249M,JP,v7082.vmi,"Full: all fighters, stages, costumes, images (reported 100%)",bucanero/dreamcast-saves/capcomsnk2,"Fractucello, Nilson",ready,"JP-only on Dreamcast, no US/EU release. Replay-data saves (RD0-RD9) skipped | card: CVS.S2___SYS(12blk), 188 blocks free, 131072 bytes"
Street Fighter III: Double Impact,T1210N,T-1210N,US,v50554.vmi,"Full: Shin Gouki, Gill, extra options, records",bucanero/dreamcast-saves/streetfight3di,Felipe Callori,ready,"Shared filename STF3_D_I.DAT | card: STF3_D_I.DAT(4blk), 196 blocks free, 131072 bytes"
Street Fighter III: 3rd Strike,T1213N,T-1213N,US,v37955.vmi,Full: all secrets and characters,bucanero/dreamcast-saves/streetfight3rd,Nelson Algarin.PUERTO RICO,ready,"Only save explicitly marked US-only. Fuller-sounding alternates (v13702, v83707, v30505) are not region-labelled | card: STF3_3RD.SYS(3blk), 197 blocks free, 131072 bytes"
Street Fighter Alpha 3,T1203N,T-1203N,US,v77348.vmi+v32793.vmi,System: secret chars lvl 32 + Super Bison; World Tour: 6 chars lvl 32 incl. Shin Akuma,bucanero/dreamcast-saves/streetfighter3,Nelson Algarin.PUERTO RICO; ASEKE,needs review,"SYS (SFALPHA3.SYS) and WTR (SFALPHA3.WTR) files on one card. Neither is region-labelled | card: SFALPHA3.SYS(24blk)+SFALPHA3.WTR(13blk), 163 blocks free, 131072 bytes"
Dead or Alive 2,T3601N,T-3601N,US,v53357.vmi,Full: all secrets + uncut intro,bucanero/dreamcast-saves/doa2,Dorian,ready,"US/EU name DEADORALIVE2 (JP DOA2DATA_JPN). Edited intro save. Alts: v89251 (all unlocked), v74756 | card: DEADORALIVE2(7blk), 193 blocks free, 131072 bytes"
Virtua Fighter 3tb,51001,51001,US,v57870.vmi,Ending movie unlocked + records (game has little else to unlock),bucanero/dreamcast-saves/vf,Keenan Williams,ready,"Serial has no MK- prefix in Redump. Anonymous ""perfect save"" vf3tb.VMI also exists | card: VF3TB0000000(12blk), 188 blocks free, 131072 bytes"
Project Justice,T1219N,T-1219N,US,schoolus.VMI,"Full (""US Save! All Open!"")",bucanero/dreamcast-saves/projectjustice,(unnamed),ready,"Creator unnamed. Separate MJUSTICE_DAY/EDT custom-character files not included | card: PJUSTICE_SYS(2blk), 198 blocks free, 131072 bytes"
Plasma Sword,T1207N,T-1207N,US,v78823.vmi,Rai-On and Kaede (secret chars) unlocked; only save in archive,bucanero/dreamcast-saves/plasmasword,Santos Barron,ready,"Only one save available | card: PLASMA_SWORD(6blk), 194 blocks free, 131072 bytes"
JoJo's Bizarre Adventure,T1206N,T-1206N,US,v11766.vmi,Full: everything unlocked,bucanero/dreamcast-saves/jojo,adam,ready," | card: JOJO_ADV_SYS(4blk), 196 blocks free, 131072 bytes"
Tech Romancer,T1208N,T-1208N,US,v75767.vmi,Full: everything unlocked,bucanero/dreamcast-saves/techromancer,ED CABILES,ready," | card: ROMANCER_DAT(3blk), 197 blocks free, 131072 bytes"
The King of Fighters: Dream Match 1999,T3101N,T-3101N,US,v93429.vmi,"Full: Evil Rugal, secrets, photos, high scores",bucanero/dreamcast-saves/kof99dm,MARTY,ready,"Alts: v42176, v65184, KOF_1998.VMI | card: KOF_1999.DAT(7blk), 193 blocks free, 131072 bytes"
The Last Blade 2,T44305N,T-44305N,US,v35892.vmi,Full: all secrets/endings,bucanero/dreamcast-saves/lastblade2,D.N.,ready,"Description says US version | card: GEKKANOKENSI(3blk), 197 blocks free, 131072 bytes"
Mortal Kombat Gold,T9701N,T-9701N,US,v23409.vmi,"Full: all unlocked, all ending movies",bucanero/dreamcast-saves/mkg,Leroy Brathwaite,ready," | card: MKGOLD___SYS(5blk), 195 blocks free, 131072 bytes"
Garou: Mark of the Wolves,T3108M,T-3108M,JP,garou1.VMI,Gallery 100% only (only save),bucanero/dreamcast-saves/garou,(unnamed),needs review,"JP-only. Two serials in Redump; card duplicated under both. Partial save (alt ID T-47302M) | card: GAROU_MOW000(4blk), 196 blocks free, 131072 bytes"
Garou: Mark of the Wolves,T47302M,T-47302M,JP,garou1.VMI,Gallery 100% only (only save),bucanero/dreamcast-saves/garou,(unnamed),needs review,"JP-only. Two serials in Redump; card duplicated under both. Partial save (alt ID T-3108M) | card: GAROU_MOW000(4blk), 196 blocks free, 131072 bytes"
Guilty Gear X,T2401M,T-2401M,JP,v55699.vmi,"Full: all characters, GG Mode, extra colours",bucanero/dreamcast-saves/guiltygearx,carlos eduardo thompson,ready,"JP-only. Two serials in Redump; card duplicated under both (alt ID T-2402M) | card: DCGUILTY.DAT(10blk), 190 blocks free, 131072 bytes"
Guilty Gear X,T2402M,T-2402M,JP,v55699.vmi,"Full: all characters, GG Mode, extra colours",bucanero/dreamcast-saves/guiltygearx,carlos eduardo thompson,ready,"JP-only. Two serials in Redump; card duplicated under both (alt ID T-2401M) | card: DCGUILTY.DAT(10blk), 190 blocks free, 131072 bytes"
The King of Fighters: Evolution,T44302N,T-44302N,US,v62523.vmi,"Full: all strikers, characters, striker levels maxed",bucanero/dreamcast-saves/kof99evo,EVIL_KEN,ready,"US save name KOF_EVOL.SYS (JP is KOF99EVO.SYS) | card: KOF_EVOL.SYS(7blk), 193 blocks free, 131072 bytes"
The King of Fighters 2000,T47303M,T-47303M,JP,KOF_2000.VMI,Puzzle mode + gallery unlocked,bucanero/dreamcast-saves/kof2000,(unnamed),ready,"JP-only | card: KOF2000_0000(4blk), 196 blocks free, 131072 bytes"
The King of Fighters 2001,T47304M,T-47304M,JP,KOF_2001.VMI,Puzzle mode + gallery unlocked,bucanero/dreamcast-saves/kof2001,(unnamed),ready,"JP-only | card: KOF2001_0000(7blk), 193 blocks free, 131072 bytes"
The King of Fighters 2002,T47305M,T-47305M,JP,KOF_2002.VMI,Everything unlocked,bucanero/dreamcast-saves/kof2002,(unnamed),ready,"JP-only | card: KOF2002_0000(7blk), 193 blocks free, 131072 bytes"
Fighting Vipers 2,MK5115450,MK-51154-50,EU,f_snake2.VMI,Everything unlocked,bucanero/dreamcast-saves/fightvip2,(unnamed),needs review,"No US release; EU ID used. Archive save region unlabelled | card: FIGHTINGVPS2(11blk), 189 blocks free, 131072 bytes"
Super Street Fighter II X for Matching Service,T1236M,T-1236M,JP,SSF2X.VMI,Everything unlocked incl. DIP switch menu,bucanero/dreamcast-saves/ssf2x,(unnamed),ready,"JP-only (Matching Service disc) | card: SSF2X___.SYS(3blk), 197 blocks free, 131072 bytes"
Psychic Force 2012,T31101N,T-31101N,US,v27440.vmi,Full: all fighters/costumes/stages,bucanero/dreamcast-saves/psychicforce,Kulmuras,ready," | card: PSYCHIC_2012(9blk), 191 blocks free, 131072 bytes"
Ultimate Fighting Championship,T40204N,T-40204N,US,v13438.vmi+v67002.vmi,"SYS: all gold belts + secrets; EDT: all fighters/styles, belts, created fighters",bucanero/dreamcast-saves/ufc,TOK; KRISTOS,needs review,"SYS and EDT from different creators combined on one card; compatibility not verified | card: ULTIMATE.SYS(4blk)+ULTIMATE.EDT(8blk), 188 blocks free, 131072 bytes"
Spawn: In the Demon's Hand,T1216N,T-1216N,US,v13340.vmi,Full: everything unlocked (tagged USA),bucanero/dreamcast-saves/spawn,Tha Chef,ready," | card: SPAWNTDH.SYS(2blk), 198 blocks free, 131072 bytes"
Virtual-On: Oratorio Tangram,T13004N,T-13004N,US,v1971.vmi,Full: everything unlocked,bucanero/dreamcast-saves/virtualon,Gr8 Muta,needs review,"Save region unlabelled; unsure US filename matches | card: VOORATAN.SYS(4blk), 196 blocks free, 131072 bytes"
Kidou Senshi Gundam: Renpou vs. Zeon & DX,T13306M,T-13306M,JP,gundadx1.VMI+gundadx2.VMI,Disc1 cleared once; Disc2 all MS,bucanero/dreamcast-saves/gundamrvz,(unnamed),needs review,"JP-only, 2 discs share serial T-13306M. Partial save, creator unnamed | card: GUNDAM___SYS(3blk)+GUNDAMDX_SYS(4blk), 193 blocks free, 131072 bytes"
Virtua Tennis,51054,51054,US,v6482.vmi,Full: everything completed (uploader states unmodified),bucanero/dreamcast-saves/virtuatennis,Anthony Badajos from Guam,needs review,"In-VMS name VIRTUATENNIS (JP Power Smash saves use POWER_SMASH.); region of save not explicitly labelled, US/EU share name. Alts: v36332 (grand master, all clothing), v60789 (100%) | card: VIRTUATENNIS(2blk), 198 blocks free, 131072 bytes"
Virtua Tennis 2 (Tennis 2K2),51186,51186,US,TENN2K2.VMI,All unlocked (labelled USA),bucanero/dreamcast-saves/virtuatennis2,(unnamed),ready,"In-VMS name TENNIS_2K2__ = US. EU save VTENNIS2 (V_TENNIS2___) and JP psmash02 not used. Archive saves tagged ""Perfect Save"" 2k2jonny also US name | card: TENNIS_2K2__(4blk), 196 blocks free, 131072 bytes"
